,Team Name,2018-01-01,2018-01-02,2018-01-03,2018-01-04,2018-01-05,2018-01-06,2018-01-07,2018-01-08,2018-01-09,2018-01-10,2018-01-11,2018-01-12,2018-01-13,2018-01-14,2018-01-15,2018-01-16,2018-01-17,2018-01-18,2018-01-19,2018-01-20,2018-01-21,2018-01-22,2018-01-23,2018-01-24,2018-01-25,2018-01-26,2018-01-27,2018-01-28,2018-01-29,2018-01-30,2018-01-31,2018-02-01,2018-02-02,2018-02-03,2018-02-04,2018-02-05,2018-02-06,2018-02-07,2018-02-08,2018-02-09,2018-02-10,2018-02-11,2018-02-12,2018-02-13,2018-02-14,2018-02-15,2018-02-16,2018-02-17,2018-02-18,2018-02-19,2018-02-20,2018-02-21,2018-02-22,2018-02-23,2018-02-24,2018-02-25,2018-02-26,2018-02-27,2018-02-28
0,Wash State,12.1,12.1,12.1,12.1,12.1,12.1,11.8,11.8,11.8,11.8,11.8,11.7,11.7,11.9,11.9,11.9,11.9,11.9,12.1,12.1,12.1,11.9,11.9,11.9,11.9,11.9,11.9,11.9,11.6,11.6,11.6,11.5,11.5,11.5,11.5,11.5,11.5,11.5,11.5,11.3,11.3,11.3,11.3,11.3,11.3,11.3,11.1,11.1,11.3,11.3,11.3,11.3,11.3,11.2,11.2,11.2,11.2,11.2,11.2
1,Maryland BC,12.0,12.0,12.0,11.7,11.7,11.7,11.6,11.6,11.6,11.6,11.3,11.3,11.3,11.6,11.6,11.6,11.6,11.6,11.6,11.6,11.6,11.1,11.1,11.1,11.0,11.0,11.0,11.0,11.0,11.0,11.0,10.7,10.7,10.7,10.5,10.5,10.5,10.5,10.5,10.4,10.4,10.4,10.1,10.1,10.1,10.1,10.1,10.1,10.1,10.0,10.0,10.0,9.8,9.8,9.8,9.9,9.9,9.9,9.9
2,Marquette,11.9,11.9,11.9,12.0,12.0,12.0,11.9,11.9,11.9,11.9,11.9,11.9,11.8,11.8,11.8,11.6,11.6,11.6,11.6,11.6,11.6,11.6,11.6,11.6,11.3,11.3,11.3,11.3,11.3,11.3,11.3,11.0,11.0,11.0,10.7,10.7,10.7,10.7,10.8,10.8,10.8,10.8,10.8,10.8,10.8,10.8,10.8,10.8,10.8,10.8,10.8,10.8,10.9,10.9,10.9,10.8,10.8,11.1,11.1
3,Savannah St,11.6,11.6,11.6,11.6,11.6,11.6,11.6,11.6,11.5,11.5,11.5,11.5,11.5,11.7,11.7,11.4,11.4,11.4,11.4,11.4,11.3,11.3,11.6,11.6,11.6,11.6,11.6,12.1,12.1,12.1,12.1,12.1,12.1,12.1,12.2,12.2,12.2,12.2,12.2,12.2,12.2,12.1,12.1,12.2,12.2,12.2,12.2,12.2,12.2,12.2,12.4,12.4,12.4,12.4,12.4,12.4,12.4,12.4,12.4
4,Belmont,11.5,11.5,11.5,11.5,11.5,11.5,11.2,11.2,11.2,11.2,11.2,11.2,11.2,11.3,11.3,11.3,11.3,11.3,11.4,11.4,11.5,11.5,11.5,11.5,11.5,11.5,11.5,11.3,11.3,11.3,11.3,11.3,11.4,11.4,11.3,11.3,11.3,11.3,11.3,11.2,11.2,11.0,11.0,11.0,11.0,11.0,11.1,11.1,11.3,11.3,11.3,11.3,11.3,11.3,11.3,11.6,11.6,11.6,11.6
5,Davidson,11.4,11.4,11.4,10.8,10.8,10.8,10.8,10.9,10.9,10.9,10.4,10.4,10.4,10.4,10.7,10.7,10.7,10.7,10.7,10.9,10.9,10.9,10.9,10.8,10.8,10.8,10.8,10.8,10.6,10.6,10.6,10.8,10.8,10.8,11.0,11.0,11.0,11.4,11.4,11.4,11.0,11.0,11.0,11.0,11.0,11.0,11.0,11.0,10.9,10.9,10.9,10.9,10.7,10.7,10.7,10.6,10.6,10.6,10.8
6,Kansas,11.2,11.2,10.9,10.9,10.9,10.9,10.9,10.9,10.9,11.1,11.1,11.1,11.1,11.0,11.0,10.8,10.8,10.8,10.8,10.8,10.6,10.6,10.6,10.6,10.6,10.6,10.6,10.7,10.7,10.6,10.6,10.6,10.6,10.6,10.5,10.5,10.5,10.3,10.3,10.3,10.3,10.2,10.2,10.2,10.1,10.1,10.1,10.1,10.0,10.0,10.2,10.2,10.2,10.2,10.2,10.2,10.2,10.1,10.1
7,Colgate,11.2,11.2,10.8,10.8,10.8,10.5,10.5,10.5,10.6,10.6,10.6,10.3,10.3,10.3,10.3,10.1,10.1,10.2,10.2,10.2,9.9,9.9,9.9,9.9,9.9,9.9,9.9,9.8,9.8,9.8,9.8,9.7,9.7,9.7,9.7,9.7,9.7,9.7,9.8,9.8,9.8,9.8,9.8,9.7,9.7,9.9,9.9,9.9,9.9,9.8,9.8,9.8,9.7,9.7,9.7,9.6,9.6,9.6,9.6
8,Oklahoma,11.2,11.2,11.2,11.5,11.5,11.5,11.1,11.1,11.1,10.9,10.9,10.9,10.9,11.4,11.4,11.4,11.1,11.1,11.1,11.1,11.1,11.1,11.1,10.9,10.9,10.9,10.9,10.8,10.8,10.8,10.9,10.9,10.9,10.9,10.5,10.5,10.3,10.3,10.3,10.3,10.3,10.1,10.1,10.1,10.0,10.0,10.0,10.0,9.9,9.9,9.7,9.7,9.7,9.7,9.7,9.8,9.8,9.8,9.7
9,Villanova,11.1,11.1,11.1,11.1,11.1,11.1,11.0,11.0,11.0,11.0,11.1,11.1,11.1,11.2,11.2,11.2,11.2,11.5,11.5,11.5,11.7,11.7,11.7,11.7,11.7,11.7,11.7,11.7,11.5,11.5,11.5,11.5,11.9,11.9,11.9,11.9,11.9,11.9,11.7,11.7,11.7,11.5,11.5,11.5,11.5,11.2,11.2,11.2,11.3,11.3,11.3,11.3,11.3,11.3,11.3,11.3,11.3,11.3,11.3
10,Army,10.8,10.8,10.4,10.4,10.4,10.3,10.3,10.3,9.9,9.9,9.9,10.1,10.1,10.1,9.9,9.9,9.9,9.9,9.9,9.9,10.1,10.1,10.1,10.1,10.2,10.2,10.2,10.1,10.1,10.1,10.1,9.9,9.9,9.9,10.0,10.0,10.0,10.0,9.9,9.9,9.9,9.8,9.8,9.8,9.8,9.7,9.7,9.7,9.5,9.5,9.5,9.5,9.6,9.6,9.6,9.6,9.6,9.6,9.7
11,S Dakota St,10.8,10.8,10.8,10.5,10.5,10.5,10.7,10.7,10.7,10.7,10.7,10.6,10.6,10.7,10.7,10.7,10.7,10.7,10.7,10.7,10.9,10.9,10.9,10.9,10.9,10.9,10.9,10.8,10.8,10.8,10.6,10.6,10.5,10.5,10.5,10.5,10.5,10.5,10.5,10.5,10.5,10.5,10.5,10.5,10.5,10.5,10.5,10.5,10.3,10.3,10.3,10.3,10.3,10.3,10.3,10.5,10.5,10.5,10.5
12,New Mexico,10.7,10.7,10.7,10.4,10.4,10.4,10.6,10.6,10.6,10.6,10.5,10.5,10.5,10.4,10.4,10.4,10.4,10.4,10.4,10.4,10.5,10.5,10.5,10.5,10.5,10.5,10.5,10.6,10.6,10.6,10.6,10.7,10.7,10.7,10.7,10.7,10.7,10.8,10.8,10.8,10.8,10.9,10.9,10.9,10.9,10.9,10.9,10.9,10.9,10.9,10.9,11.0,11.0,11.0,11.0,11.0,11.0,11.0,11.0
13,Citadel,10.7,10.7,10.7,10.7,10.8,10.8,11.0,11.0,11.0,11.0,11.0,11.2,11.2,11.5,11.5,11.5,11.5,11.5,11.2,11.2,10.9,10.9,10.9,10.9,10.9,10.9,10.9,11.1,11.1,11.1,11.1,11.1,11.1,11.1,11.2,11.2,11.2,11.2,11.2,11.1,11.1,11.4,11.4,11.4,11.4,11.4,11.5,11.5,11.3,11.3,11.3,11.4,11.4,11.4,11.5,11.5,11.6,11.6,11.6
14,Creighton,10.6,10.6,10.6,10.6,10.6,10.6,10.9,10.9,10.9,10.8,10.8,10.8,10.8,10.7,10.7,10.7,10.7,10.7,10.7,10.7,10.6,10.6,10.6,10.6,10.6,10.6,10.6,10.5,10.5,10.5,10.5,10.5,10.3,10.3,10.3,10.3,10.3,10.3,10.4,10.4,10.4,10.4,10.4,10.4,10.4,10.4,10.4,10.4,10.5,10.5,10.5,10.4,10.4,10.4,10.4,10.4,10.4,10.4,10.5
15,IPFW,10.6,10.6,10.6,10.6,10.1,10.1,10.1,10.1,10.1,10.1,10.1,9.6,9.6,9.8,9.8,9.8,9.8,9.7,9.7,9.7,9.7,9.7,9.7,9.7,9.7,9.7,9.7,9.8,9.8,9.8,9.8,9.8,9.9,9.9,10.0,10.0,10.0,10.0,10.0,9.9,9.9,10.1,10.1,10.1,10.1,10.1,10.1,10.1,10.3,10.3,10.3,10.3,10.3,10.3,10.3,10.4,10.4,10.4,10.4
16,Wm & Mary,10.6,10.6,10.4,10.4,10.4,10.4,10.4,10.4,10.4,10.4,10.4,10.2,10.2,10.1,10.1,10.1,10.1,10.1,9.8,9.8,10.2,10.2,10.2,10.2,10.2,10.5,10.5,10.5,10.5,10.5,10.5,10.5,10.6,10.6,10.6,10.6,10.6,10.6,10.6,10.5,10.5,10.5,10.5,10.5,10.5,10.5,10.4,10.4,10.2,10.2,10.2,10.2,10.2,10.3,10.3,10.4,10.4,10.4,10.4
17,N Florida,10.6,10.6,10.6,10.6,10.6,10.6,10.3,10.3,10.3,10.3,10.3,10.6,10.6,10.4,10.4,10.4,10.4,10.4,10.2,10.2,10.4,10.4,10.4,10.4,10.7,10.7,10.7,10.4,10.4,10.5,10.5,10.5,10.5,10.5,10.4,10.4,10.4,10.4,10.4,10.2,10.2,10.3,10.3,10.3,10.3,10.3,10.3,10.3,10.3,10.3,10.3,10.3,10.3,10.4,10.4,10.4,10.4,10.3,10.3
18,Seattle,10.5,10.5,10.5,10.5,10.5,10.5,10.1,10.1,10.1,10.1,10.1,9.9,9.9,9.9,9.9,9.9,9.9,9.9,9.7,9.7,9.7,9.7,9.7,9.7,9.7,9.7,9.6,9.6,9.6,9.6,9.6,9.6,9.6,9.6,9.4,9.4,9.4,9.4,9.4,9.3,9.3,9.3,9.3,9.3,9.3,9.3,9.4,9.4,9.2,9.2,9.2,9.2,9.2,9.2,9.2,9.2,9.2,9.2,9.2
19,Columbia,10.4,10.4,10.4,10.4,10.4,10.4,10.4,10.4,10.4,10.4,10.4,10.4,10.1,9.8,9.8,9.8,9.8,9.8,9.8,9.8,10.2,10.2,10.2,10.2,10.2,10.2,10.2,10.0,10.0,10.0,10.0,10.0,10.0,10.1,10.2,10.2,10.2,10.2,10.2,10.2,10.2,10.4,10.4,10.4,10.4,10.4,10.4,10.1,10.3,10.3,10.3,10.3,10.3,10.3,10.1,9.8,9.8,9.8,9.8
20,Elon,10.4,10.4,10.5,10.5,10.5,10.2,10.2,10.4,10.4,10.4,10.4,10.6,10.6,10.6,10.6,10.6,10.6,10.6,10.6,10.6,10.5,10.5,10.5,10.5,10.5,10.5,10.5,10.6,10.6,10.6,10.6,10.6,10.6,10.6,10.7,10.7,10.7,10.7,10.7,10.5,10.5,10.5,10.5,10.5,10.5,10.5,10.5,10.5,10.5,10.5,10.5,10.5,10.5,10.4,10.4,10.3,10.3,10.3,10.3
21,Boise State,10.4,10.4,10.4,10.2,10.2,10.2,9.9,9.9,9.9,9.4,9.4,9.4,9.4,9.7,9.7,9.7,9.7,9.6,9.6,9.6,9.3,9.3,9.3,9.3,9.7,9.7,9.7,9.8,9.8,9.8,9.8,9.8,9.8,9.8,10.0,10.0,10.0,9.7,9.7,9.7,9.7,9.5,9.5,9.5,9.5,9.3,9.3,9.3,9.5,9.5,9.5,9.5,9.5,9.5,9.5,9.5,9.5,9.5,9.4
22,NC-Grnsboro,10.4,10.4,10.4,10.4,10.4,10.4,10.1,10.1,10.1,10.1,10.1,9.8,9.8,9.8,9.8,9.8,9.8,9.8,9.9,9.9,9.8,9.8,9.8,9.8,9.5,9.5,9.5,9.9,9.9,9.8,9.8,9.8,9.8,9.8,9.8,9.8,9.8,9.8,9.8,9.8,9.8,9.6,9.6,9.7,9.7,9.7,9.6,9.6,9.7,9.7,9.7,9.8,9.8,9.8,9.7,9.7,9.8,9.8,9.8
23,TX-San Ant,10.3,10.3,10.3,10.3,10.0,10.0,10.2,10.2,10.2,10.2,10.2,10.1,10.1,9.9,9.9,9.9,9.9,9.9,9.9,9.9,9.9,9.9,9.9,9.9,9.9,9.7,9.7,10.0,10.0,10.0,10.0,10.0,9.8,9.8,9.8,9.8,9.8,9.8,9.8,9.8,9.8,9.8,9.8,9.8,9.8,9.8,9.8,9.8,9.9,9.9,9.9,9.9,9.9,9.9,9.9,9.9,9.9,9.9,9.9
24,SC Upstate,10.2,10.2,10.2,10.2,10.2,10.2,10.4,10.4,10.4,10.4,10.4,10.2,10.2,10.2,10.2,10.2,10.2,10.2,10.2,10.2,10.0,10.0,10.0,10.0,9.8,9.8,9.8,9.8,9.8,9.8,9.8,9.8,9.8,9.8,9.9,9.9,9.9,9.9,9.9,9.9,9.9,10.0,10.0,10.0,10.0,10.0,10.1,10.1,10.2,10.2,10.2,10.2,10.2,10.0,10.0,10.0,10.0,10.1,10.1
25,Iona,10.2,10.2,10.2,10.2,10.2,10.3,10.3,10.6,10.6,10.6,10.6,10.4,10.4,10.4,10.7,10.7,10.7,10.7,10.7,10.5,10.5,10.4,10.4,10.4,10.4,10.4,10.4,10.3,10.3,10.2,10.2,10.2,10.2,10.0,10.0,10.2,10.2,10.2,10.2,10.1,10.1,10.0,10.0,9.9,9.9,9.9,9.9,9.8,9.8,9.8,9.8,9.8,9.8,9.8,9.9,9.9,10.0,10.0,10.0
26,Buffalo,10.1,10.1,9.8,9.8,9.8,9.8,9.9,9.9,9.9,9.7,9.7,9.7,9.7,9.9,9.9,9.9,9.9,9.9,9.9,9.9,9.9,9.9,9.9,9.9,9.9,9.9,9.8,9.8,9.8,9.8,9.8,9.8,9.8,9.8,9.8,9.8,9.8,9.8,9.8,9.8,9.8,9.8,9.8,9.8,9.7,9.7,9.7,9.8,9.8,9.8,9.8,9.8,9.8,9.8,9.8,9.8,9.8,9.8,9.7
27,Missouri,10.1,10.1,10.1,10.4,10.4,10.4,10.4,10.4,10.4,10.4,10.1,10.1,10.1,10.1,10.1,10.1,10.1,9.8,9.8,9.8,9.4,9.4,9.4,9.4,9.5,9.5,9.5,9.3,9.3,9.3,9.3,9.3,9.3,9.3,9.2,9.2,9.2,9.3,9.3,9.3,9.3,9.4,9.4,9.4,9.2,9.2,9.2,9.2,9.3,9.3,9.3,9.5,9.5,9.5,9.5,9.5,9.5,9.5,9.6
28,Akron,10.0,10.0,9.9,9.9,9.9,9.8,9.8,9.8,9.8,9.6,9.6,9.6,9.6,9.7,9.7,9.7,9.6,9.6,9.6,9.6,9.9,9.9,9.9,9.9,9.9,9.9,9.9,10.2,10.2,10.2,10.0,10.0,10.0,10.0,9.9,9.9,9.9,9.7,9.7,9.7,9.7,9.7,9.7,9.7,9.7,9.7,9.7,9.7,9.7,9.7,9.7,9.6,9.6,9.6,9.6,9.4,9.4,9.4,9.5
29,Gonzaga,9.9,9.9,9.9,9.9,9.9,9.9,9.8,9.8,9.8,9.8,9.8,9.9,9.9,9.8,9.8,9.8,9.8,9.8,9.6,9.6,9.4,9.4,9.4,9.4,9.4,9.5,9.5,9.4,9.4,9.4,9.4,9.4,9.2,9.2,9.1,9.1,9.1,9.1,9.1,8.9,8.9,8.9,8.9,8.9,8.9,8.9,8.8,8.8,8.9,8.9,8.9,8.9,8.9,8.9,8.9,8.9,8.9,8.9,8.9
30,Furman,9.9,9.9,9.9,9.9,10.5,10.5,10.3,10.3,10.3,10.3,10.1,10.1,10.1,10.0,10.0,10.0,10.0,10.0,9.8,9.8,9.8,9.8,9.8,9.8,9.6,9.6,9.6,9.8,9.8,9.8,9.8,9.8,10.1,10.1,10.1,10.1,10.1,10.1,10.0,10.0,10.0,10.2,10.2,10.2,10.2,10.2,10.2,10.2,10.2,10.2,10.2,10.2,10.2,10.2,10.2,10.2,10.2,10.2,10.2
31,Portland St,9.9,9.9,9.9,9.9,9.3,9.3,9.4,9.4,9.4,9.4,9.4,9.7,9.7,9.4,9.4,9.4,9.4,9.4,9.2,9.2,8.9,8.9,8.9,8.9,8.9,8.9,8.9,8.8,8.8,8.8,8.8,8.8,9.0,9.0,9.0,9.0,9.0,9.0,9.0,8.9,8.9,8.8,8.8,8.8,8.8,8.8,8.8,8.8,8.9,8.9,8.9,8.9,8.9,8.9,8.9,8.8,8.8,8.8,8.8
32,Toledo,9.8,9.8,9.8,9.8,9.8,9.8,9.8,9.8,9.8,10.0,10.0,10.0,10.0,10.2,10.2,10.2,10.4,10.4,10.4,10.4,10.2,10.2,10.2,10.3,10.3,10.3,10.3,10.2,10.2,10.2,10.0,10.0,10.0,10.0,10.0,10.0,10.0,10.1,10.1,10.1,9.9,9.9,9.9,9.9,9.8,9.8,9.8,9.8,9.7,9.7,9.7,9.7,9.7,9.7,9.8,9.8,9.8,9.8,9.9
33,Princeton,9.8,9.8,9.8,9.8,9.8,9.8,9.6,9.6,9.6,9.6,9.6,9.6,9.9,9.9,9.9,9.9,9.9,9.9,9.9,9.9,9.9,9.9,9.9,9.9,9.9,9.9,9.9,9.9,9.9,9.9,9.9,9.9,9.9,9.9,9.9,9.9,9.9,9.8,9.8,9.8,9.7,9.6,9.6,9.6,9.6,9.6,9.6,9.9,9.8,9.8,9.8,9.8,9.8,9.8,9.7,9.8,9.8,9.8,9.8
34,Auburn,9.8,9.8,9.7,9.7,9.7,9.7,9.8,9.8,9.8,9.6,9.6,9.6,9.6,9.5,9.5,9.5,9.5,9.5,9.5,9.5,9.5,9.5,9.5,9.5,9.8,9.8,9.8,10.0,10.0,10.0,9.9,9.9,9.9,9.9,10.2,10.2,10.2,10.2,10.1,10.1,10.1,10.1,10.1,10.1,10.1,10.0,10.0,10.0,9.9,9.9,9.9,9.9,9.9,9.9,9.9,9.9,9.9,9.9,9.8
35,Quinnipiac,9.8,9.6,9.6,9.6,9.6,9.5,9.5,9.4,9.4,9.4,9.4,9.4,9.2,9.2,9.2,9.2,9.2,9.2,9.2,9.2,9.2,9.0,9.0,9.0,9.0,9.2,9.2,9.3,9.3,9.3,9.3,9.3,9.3,9.2,9.2,9.2,9.2,9.2,9.2,9.2,9.2,9.1,9.1,9.1,9.1,9.1,9.1,9.1,9.2,9.2,9.2,9.2,9.2,9.2,9.1,9.1,9.3,9.3,9.3
36,Arizona St,9.7,9.7,9.7,9.7,9.6,9.6,9.6,9.5,9.5,9.5,9.5,9.6,9.6,9.4,9.4,9.4,9.4,9.3,9.3,9.3,9.4,9.4,9.4,9.4,9.4,9.4,9.4,9.4,9.4,9.4,9.4,9.4,9.2,9.2,9.2,9.2,9.2,9.2,9.2,9.0,9.0,9.0,9.0,9.0,9.0,9.0,9.0,9.0,9.0,9.0,9.0,9.0,9.0,8.9,8.9,8.9,8.9,8.9,8.9
37,Wofford,9.6,9.6,9.6,9.6,9.9,9.9,10.2,10.2,10.2,10.2,10.3,10.3,10.3,10.4,10.4,10.4,10.4,10.4,10.6,10.6,10.4,10.4,10.4,10.4,10.4,10.4,10.4,10.2,10.2,10.2,10.2,10.2,10.1,10.1,10.0,10.0,10.0,10.0,10.2,10.2,10.2,10.1,10.1,10.1,10.1,10.1,10.1,10.1,10.3,10.3,10.3,10.2,10.2,10.2,10.1,10.1,10.1,10.1,10.1
38,Purdue,9.6,9.6,9.6,9.6,9.6,9.6,9.4,9.4,9.4,9.6,9.6,9.6,9.6,9.8,9.8,9.8,10.0,10.0,10.0,10.0,10.5,10.5,10.5,10.5,10.5,10.5,10.5,10.5,10.3,10.3,10.3,10.1,10.1,10.1,10.0,10.0,10.0,10.0,9.9,9.9,9.9,9.8,9.8,9.8,9.8,9.8,9.6,9.6,9.6,9.5,9.5,9.5,9.5,9.5,9.5,9.5,9.6,9.6,9.6
39,App State,9.5,9.5,9.5,9.5,9.1,9.1,9.3,9.3,9.3,9.3,9.3,9.3,9.3,9.1,9.1,9.1,9.1,9.1,9.1,9.1,9.1,9.1,9.1,9.1,9.1,9.0,9.0,9.2,9.2,9.2,9.2,9.2,9.2,9.2,9.0,9.0,9.0,9.0,9.0,9.0,9.0,8.8,8.8,8.8,8.8,8.8,8.7,8.7,8.6,8.6,8.6,8.6,8.6,8.6,8.6,8.6,8.6,8.6,8.6
40,Illinois St,9.5,9.5,9.5,9.6,9.6,9.6,9.6,9.3,9.3,9.3,9.4,9.4,9.4,9.4,9.4,9.4,9.4,9.2,9.2,9.2,8.9,8.9,8.9,8.9,9.1,9.1,9.1,8.8,8.8,8.8,8.9,8.9,8.9,8.9,8.9,8.9,8.9,8.9,8.9,8.9,8.9,8.9,8.8,8.8,8.8,8.7,8.7,8.7,9.0,9.0,9.0,9.0,9.0,9.0,9.0,9.1,9.1,9.1,9.1
41,Oregon,9.5,9.5,9.5,9.5,9.5,9.4,9.4,9.4,9.4,9.4,9.4,9.3,9.3,9.2,9.2,9.2,9.2,9.2,9.1,9.1,9.2,9.2,9.2,9.2,9.2,9.2,9.2,9.0,9.0,9.0,9.0,9.0,9.0,9.0,8.9,8.9,8.9,8.9,8.9,8.7,8.7,8.7,8.8,8.8,8.8,8.8,8.8,8.8,9.0,9.0,9.0,9.0,9.0,8.8,8.8,9.0,9.0,9.0,9.0
42,UMKC,9.5,9.5,9.5,9.5,9.5,9.5,9.3,9.3,9.3,9.3,9.3,9.4,9.4,9.4,9.4,9.4,9.4,9.4,9.4,9.4,9.3,9.3,9.3,9.3,9.3,9.3,9.3,9.1,9.1,9.1,9.1,9.1,9.0,9.0,8.9,8.9,8.9,8.9,8.9,8.8,8.8,9.0,9.0,9.0,9.0,9.0,9.0,9.0,9.0,9.0,9.0,9.0,9.0,9.0,9.0,9.0,9.0,9.0,9.0
43,Florida St,9.5,9.5,9.5,9.6,9.6,9.6,9.6,9.3,9.3,9.3,9.2,9.2,9.2,9.3,9.3,9.1,9.1,9.1,9.1,9.1,9.1,9.1,9.1,9.1,8.8,8.8,8.8,8.9,8.9,8.9,8.9,8.7,8.7,8.7,8.6,8.6,8.6,8.6,8.5,8.5,8.5,8.5,8.5,8.5,8.5,8.3,8.3,8.3,8.3,8.3,8.3,8.3,8.3,8.3,8.3,8.3,8.0,8.0,8.0
44,Wichita St,9.5,9.5,9.5,9.5,9.6,9.6,9.6,9.8,9.8,9.8,9.8,9.8,9.8,9.8,9.8,9.8,9.8,9.8,9.8,9.8,9.5,9.5,9.5,9.5,9.5,9.3,9.3,9.3,9.3,9.3,9.3,9.3,9.3,9.3,9.3,9.3,9.3,9.3,9.3,9.3,9.3,9.5,9.5,9.5,9.5,9.5,9.5,9.5,9.5,9.4,9.4,9.4,9.4,9.4,9.4,9.5,9.5,9.5,9.5
45,VA Tech,9.4,9.4,9.4,8.9,8.9,8.9,8.6,8.6,8.6,8.6,8.8,8.8,8.8,8.8,8.8,8.8,8.8,8.8,8.8,8.8,8.8,8.8,9.0,9.0,9.0,9.0,9.0,9.2,9.2,9.2,9.2,9.4,9.4,9.4,9.3,9.3,9.3,9.3,9.0,9.0,9.0,9.1,9.1,9.1,9.1,9.0,9.0,9.0,9.0,9.0,9.0,9.0,9.0,9.0,9.0,8.9,8.9,8.8,8.8
46,W Virginia,9.4,9.0,9.0,9.0,9.0,9.0,8.9,8.9,8.9,8.9,8.9,8.9,8.9,9.1,9.1,8.8,8.8,8.8,8.8,8.8,9.0,9.0,8.9,8.9,8.9,8.9,8.9,9.0,9.0,9.0,9.0,9.0,9.0,9.0,9.0,9.0,9.0,9.0,9.0,9.0,9.0,8.8,8.8,8.8,8.8,8.8,8.8,8.8,9.0,9.0,9.0,9.0,9.0,9.0,9.0,8.8,8.8,8.9,8.9
47,Mercer,9.3,9.3,9.3,9.3,9.3,9.3,8.8,8.8,8.8,8.8,8.6,8.6,8.6,8.7,8.7,8.3,8.3,8.3,8.3,8.3,8.4,8.4,8.4,8.4,8.3,8.3,8.3,8.2,8.2,8.2,8.2,8.2,8.1,8.1,8.2,8.2,8.2,8.2,8.2,8.2,8.2,8.3,8.3,8.2,8.2,8.2,8.4,8.4,8.3,8.3,8.3,8.4,8.4,8.4,8.4,8.4,8.4,8.4,8.4
48,N Dakota St,9.3,9.3,9.3,9.4,9.4,9.4,9.5,9.5,9.5,9.5,9.5,9.3,9.3,9.3,9.3,9.3,9.1,9.1,9.1,9.1,9.3,9.3,9.3,9.3,9.3,9.4,9.4,9.3,9.3,9.3,9.3,9.3,9.2,9.2,9.1,9.1,9.1,9.1,9.1,9.2,9.2,9.0,9.0,9.0,9.0,9.0,9.0,9.0,9.0,9.0,9.0,9.0,9.0,9.0,9.0,9.1,9.1,9.1,9.1
49,Michigan,9.3,9.3,9.4,9.4,9.4,9.4,9.3,9.3,9.3,9.4,9.4,9.4,9.4,9.2,9.2,9.3,9.3,9.3,9.0,9.0,9.0,9.0,9.0,9.0,9.0,9.1,9.1,9.1,9.1,9.0,9.0,9.0,9.0,9.0,9.0,9.0,9.0,8.8,8.8,8.8,8.8,8.8,8.8,8.8,8.8,9.0,9.0,9.0,9.0,8.9,8.9,8.9,8.9,8.9,8.9,9.1,9.1,9.1,9.1
50,Portland,9.2,9.2,9.2,9.2,8.6,8.6,8.4,8.4,8.4,8.4,8.4,8.3,8.3,8.1,8.1,8.1,8.1,8.1,7.9,7.9,7.9,7.9,7.9,7.9,7.9,7.8,7.8,7.8,7.8,7.8,7.8,7.8,7.9,7.9,8.0,8.0,8.0,8.0,8.0,7.8,7.8,7.9,7.9,7.9,7.9,7.9,7.8,7.8,7.7,7.7,7.7,7.7,7.7,7.6,7.6,7.6,7.6,7.6,7.6
51,Santa Clara,9.2,9.2,9.2,9.2,9.0,9.0,8.9,8.9,8.9,8.9,8.9,8.7,8.7,8.8,8.8,8.8,8.8,8.8,8.4,8.4,8.2,8.2,8.2,8.2,8.2,7.9,7.9,8.1,8.1,8.1,8.1,8.1,8.0,8.0,8.0,8.0,8.0,8.0,8.0,8.0,8.0,7.7,7.7,7.7,7.7,7.7,7.7,7.7,7.7,7.7,7.7,7.7,7.7,7.7,7.7,7.5,7.5,7.5,7.5
52,Nevada,9.2,9.2,9.2,9.4,9.4,9.4,9.7,9.7,9.7,9.7,9.7,9.7,9.7,9.6,9.6,9.6,9.6,9.6,9.6,9.6,9.5,9.5,9.5,9.5,9.5,9.5,9.5,9.5,9.5,9.5,9.5,9.6,9.6,9.6,9.5,9.5,9.5,9.5,9.5,9.5,9.5,9.5,9.5,9.5,9.5,9.4,9.4,9.4,9.5,9.5,9.5,9.5,9.7,9.7,9.7,9.7,9.7,9.7,9.7
53,Troy,9.2,9.2,9.2,9.2,9.4,9.4,9.3,9.3,9.3,9.3,9.3,9.3,9.3,9.1,9.1,9.1,9.1,9.1,9.1,9.1,9.2,9.2,9.1,9.1,9.1,9.1,9.1,9.0,9.0,9.0,9.0,9.0,9.0,9.0,9.0,9.0,9.0,9.0,9.0,9.0,9.0,9.0,9.0,9.0,9.0,9.0,9.1,9.1,8.9,8.9,8.9,8.9,8.9,9.0,9.0,9.1,9.1,9.1,9.1
54,Florida,9.2,9.2,9.8,9.8,9.8,9.8,9.7,9.7,9.7,9.7,9.6,9.6,9.6,9.6,9.6,9.6,9.6,9.8,9.8,9.8,9.6,9.6,9.6,9.6,9.4,9.4,9.4,9.7,9.7,9.7,9.6,9.6,9.6,9.6,9.4,9.4,9.4,9.4,9.3,9.3,9.3,9.1,9.1,9.1,9.1,9.1,9.1,9.1,9.0,9.0,9.0,9.0,8.9,8.9,8.9,9.0,9.0,9.0,9.0
55,Marshall,9.2,9.2,9.2,9.2,9.2,9.2,9.8,9.8,9.8,9.8,9.8,9.8,9.8,9.7,9.7,9.7,9.7,9.7,9.7,9.7,9.9,9.9,9.9,9.9,9.9,9.9,9.9,9.9,9.9,9.9,9.9,9.9,9.9,9.9,9.9,9.9,9.9,9.9,9.9,9.9,9.9,10.0,10.0,10.0,10.0,10.0,10.1,10.1,10.0,10.0,10.0,10.0,10.0,9.9,9.9,10.1,10.1,10.1,10.1
56,S Methodist,9.2,9.2,9.2,9.2,8.9,8.9,8.9,8.8,8.8,8.8,8.8,8.8,8.8,8.8,8.8,8.8,8.8,8.9,8.9,8.9,8.7,8.7,8.7,8.7,8.7,8.6,8.6,8.6,8.7,8.7,8.7,8.7,8.8,8.8,8.8,8.8,8.8,8.8,8.8,8.9,8.9,8.9,8.7,8.7,8.7,8.9,8.9,8.9,8.6,8.6,8.6,8.6,8.7,8.7,8.7,8.9,8.9,8.9,8.9
57,LA Monroe,9.1,9.1,9.1,9.1,9.0,9.0,9.1,9.1,9.1,9.1,9.1,9.1,9.1,8.8,8.8,8.8,8.8,8.8,8.7,8.7,8.9,8.9,8.9,8.9,8.9,8.9,8.9,8.9,8.9,8.9,8.9,8.9,8.9,8.9,8.5,8.5,8.5,8.5,8.5,8.7,8.7,9.1,9.1,9.1,9.1,9.1,9.3,9.3,9.4,9.4,9.4,9.4,9.4,9.3,9.3,9.2,9.2,9.2,9.2
58,Indiana St,9.1,9.1,9.1,8.8,8.8,8.8,8.9,8.9,8.9,8.9,8.9,8.9,8.9,8.9,8.9,8.9,8.9,8.9,8.9,8.9,9.1,9.1,9.1,9.1,8.9,8.9,8.9,8.9,8.9,8.9,8.9,8.6,8.6,8.6,8.7,8.7,8.7,8.7,8.7,8.7,8.7,8.8,8.8,8.8,8.8,9.0,9.0,9.0,8.8,8.8,8.8,8.8,8.8,8.8,8.8,8.8,8.8,8.8,8.8
59,N Hampshire,9.1,9.1,9.1,9.2,9.2,9.2,9.3,9.3,9.3,9.3,9.1,9.1,9.1,9.1,9.1,9.0,9.0,9.0,8.8,8.8,8.8,8.5,8.5,8.5,8.5,8.5,8.5,8.4,8.4,8.4,8.4,8.5,8.5,8.5,8.4,8.4,8.4,8.4,8.4,8.2,8.2,8.2,8.2,8.2,8.2,8.2,8.2,8.2,8.2,8.2,8.2,8.2,8.1,8.1,8.1,8.1,8.1,8.1,8.0
60,Utah,9.1,9.1,9.1,9.1,9.3,9.3,9.3,9.2,9.2,9.2,9.2,9.1,9.1,9.1,9.1,9.1,9.1,9.1,9.0,9.0,9.0,9.2,9.2,9.2,9.2,9.4,9.4,9.3,9.3,9.3,9.3,9.3,9.3,9.2,9.2,9.2,9.2,9.2,9.2,9.1,9.1,9.3,9.3,9.3,9.3,9.3,9.2,9.2,9.3,9.3,9.3,9.3,9.3,9.4,9.4,9.2,9.2,9.2,9.2
61,Mississippi,9.1,9.1,9.1,8.9,8.9,8.9,8.7,8.7,8.7,8.7,8.7,8.7,8.7,8.5,8.5,8.5,8.3,8.3,8.3,8.3,8.5,8.5,8.5,8.4,8.4,8.4,8.4,8.4,8.4,8.4,8.3,8.3,8.3,8.3,8.4,8.4,8.4,8.2,8.2,8.2,8.2,8.2,8.2,8.2,8.2,8.2,8.2,8.2,8.1,8.1,8.1,8.1,8.1,8.1,8.1,7.9,7.9,7.9,7.9
62,U Penn,9.1,9.1,9.1,9.1,9.1,9.1,8.9,8.9,8.9,8.9,8.9,8.9,8.7,8.9,8.9,8.9,8.9,8.9,8.9,8.9,8.8,8.8,8.8,8.8,8.8,8.8,8.8,8.7,8.7,8.7,8.7,8.7,8.7,8.7,8.6,8.6,8.6,8.6,8.6,8.6,8.5,8.3,8.3,8.3,8.3,8.3,8.3,8.4,8.5,8.5,8.5,8.5,8.5,8.5,8.5,8.5,8.5,8.5,8.5
63,Drake,9.1,9.1,9.1,9.5,9.5,9.5,9.2,9.2,9.2,9.2,9.1,9.1,9.1,9.1,9.1,9.1,9.0,9.0,9.0,9.0,8.7,8.7,8.7,8.7,8.5,8.5,8.5,8.5,8.5,8.5,8.6,8.6,8.6,8.6,8.6,8.6,8.6,8.6,8.4,8.4,8.4,8.3,8.3,8.3,8.3,8.5,8.5,8.5,8.5,8.5,8.5,8.5,8.4,8.4,8.4,8.4,8.4,8.4,8.4
64,Oakland,9.0,9.0,9.0,9.0,9.0,8.9,8.9,9.0,9.0,9.0,9.2,9.2,9.1,9.1,9.1,9.2,9.2,9.2,9.2,9.2,9.3,9.3,9.3,9.3,9.3,9.3,9.3,9.3,9.0,9.0,9.0,9.0,9.0,8.8,8.8,8.6,8.6,8.6,8.6,8.6,8.5,8.5,8.5,8.5,8.5,8.5,8.5,8.4,8.4,8.4,8.4,8.4,8.4,8.5,8.5,8.5,8.5,8.5,8.5
65,St Fran (PA),9.0,9.0,9.0,9.0,9.0,9.0,8.8,8.8,8.8,8.8,8.8,8.6,8.6,8.7,8.7,8.7,8.7,8.7,8.5,8.5,8.2,8.2,8.2,8.2,8.2,8.2,8.1,8.1,8.2,8.2,8.2,8.2,8.2,8.2,8.0,8.0,8.0,8.0,8.0,7.9,7.9,7.9,7.9,7.9,7.9,7.9,8.0,8.0,8.0,8.0,8.0,8.0,8.0,8.0,8.0,8.0,8.0,8.0,8.0
66,Campbell,9.0,9.0,9.0,8.9,8.9,8.9,8.8,8.8,8.8,8.3,8.3,8.3,8.3,8.3,8.3,8.1,8.1,8.1,7.9,7.9,7.9,7.9,7.9,8.8,8.8,8.8,8.8,8.5,8.5,8.5,8.5,8.5,8.4,8.4,8.3,8.3,8.3,8.3,8.5,8.5,8.5,8.8,8.8,8.8,8.8,8.8,8.6,8.6,8.6,8.9,8.9,8.9,8.9,8.7,8.7,8.9,8.9,8.9,8.9
67,Niagara,9.0,9.0,9.0,9.0,9.0,8.9,8.9,8.7,8.7,8.7,8.7,8.7,8.7,8.7,8.7,8.7,8.7,8.7,8.6,8.6,8.5,8.5,8.5,8.5,8.4,8.4,8.4,8.7,8.7,8.7,8.7,8.7,8.7,8.5,8.5,8.6,8.6,8.6,8.6,8.7,8.7,8.7,8.7,8.7,8.7,8.7,8.7,8.6,8.6,8.5,8.5,8.5,8.5,8.5,8.5,8.5,8.5,8.5,8.5
68,SE Missouri,8.9,8.9,8.9,8.9,8.9,8.9,9.0,9.0,9.0,9.0,9.0,8.9,8.9,9.1,9.1,9.1,9.1,9.1,9.2,9.2,9.3,9.3,9.3,9.3,9.3,9.3,9.3,9.3,9.3,9.3,9.3,9.3,9.1,9.1,9.0,9.0,9.0,9.0,9.0,9.0,9.0,9.1,9.1,9.1,9.1,9.1,9.2,9.2,9.1,9.1,9.1,9.1,9.1,9.4,9.4,9.5,9.5,9.5,9.5
69,Central Ark,8.9,8.9,8.9,8.7,8.7,8.7,8.9,8.9,8.9,8.9,9.2,9.2,9.2,9.1,9.1,9.1,9.1,8.8,8.8,8.8,8.6,8.6,8.6,8.6,9.0,9.0,9.0,9.0,9.0,9.0,9.0,9.0,9.0,9.0,9.0,9.0,9.0,9.0,9.0,9.0,9.0,9.0,9.0,9.0,9.0,8.8,8.8,8.8,8.7,8.7,8.7,8.7,8.6,8.6,8.6,8.6,8.6,8.6,8.6
70,San Diego,8.8,8.8,8.8,8.8,9.0,9.0,8.7,8.7,8.7,8.7,8.7,8.9,8.9,8.8,8.8,8.8,8.8,8.8,8.6,8.6,8.5,8.5,8.5,8.5,8.5,8.3,8.3,8.5,8.5,8.5,8.5,8.5,8.5,8.5,8.5,8.5,8.5,8.5,8.5,8.8,8.8,8.6,8.6,8.6,8.6,8.6,8.5,8.5,8.6,8.6,8.6,8.6,8.6,8.5,8.5,8.3,8.3,8.3,8.3
71,Cal Poly,8.8,8.8,8.8,8.8,8.8,8.8,9.5,9.5,9.5,9.5,9.1,9.1,9.1,9.1,9.1,9.1,9.1,9.1,8.9,8.9,8.6,8.6,8.6,8.6,8.6,8.7,8.7,8.7,8.7,8.7,8.7,8.8,8.8,8.8,9.0,9.0,9.0,9.0,9.0,8.8,8.8,8.6,8.6,8.6,8.6,8.6,8.8,8.8,8.6,8.6,8.6,8.6,8.6,8.8,8.8,8.8,8.8,8.8,8.8
72,Samford,8.8,8.8,8.8,8.8,8.6,8.6,8.7,8.7,8.7,8.7,8.7,9.3,9.3,9.2,9.2,9.2,9.2,9.2,9.2,9.2,9.2,9.2,9.2,9.2,9.2,9.2,9.2,9.2,9.2,9.2,9.2,9.2,9.0,9.0,9.0,9.0,9.0,9.0,9.1,9.1,9.1,9.4,9.4,9.2,9.2,9.2,9.2,9.2,9.3,9.3,9.3,9.3,9.3,9.3,9.2,9.2,9.2,9.2,9.2
73,Idaho,8.8,8.8,8.8,8.8,8.6,8.6,8.8,8.8,8.8,8.8,8.8,8.8,8.6,8.6,8.6,8.6,8.6,8.6,8.8,8.8,9.0,9.0,9.0,9.0,9.0,8.8,8.8,8.6,8.6,8.6,8.6,8.6,8.8,8.8,8.8,8.8,8.8,8.8,8.8,8.8,8.9,8.9,8.9,8.9,8.9,8.9,9.0,9.0,9.1,9.1,9.1,9.1,9.1,9.2,9.2,9.1,9.1,9.1,9.1
74,Nicholls St,8.8,8.8,8.8,8.5,8.5,8.5,8.2,8.2,8.2,8.2,7.9,7.9,7.9,7.8,7.8,7.8,7.9,7.9,7.9,7.9,7.9,7.9,7.9,7.9,7.8,7.8,7.8,7.4,7.4,7.4,7.4,7.4,7.4,7.4,7.4,7.4,7.4,7.4,7.5,7.5,7.5,7.6,7.6,7.6,7.6,7.5,7.5,7.5,7.5,7.5,7.5,7.5,7.8,7.8,7.8,7.8,7.8,7.8,7.8
75,Oklahoma St,8.8,8.8,8.8,8.8,8.8,8.8,8.6,8.6,8.6,8.6,8.4,8.4,8.4,8.1,8.1,7.9,7.9,7.9,7.9,7.9,7.9,7.9,7.9,7.9,7.9,7.9,7.9,7.9,7.9,7.9,7.9,7.9,7.9,7.9,8.0,8.0,8.0,7.9,7.9,7.9,7.9,8.0,8.0,8.0,8.0,7.9,7.9,7.9,7.9,7.9,7.9,7.9,8.0,8.0,8.0,8.0,8.0,8.0,8.2
76,Ball State,8.8,8.8,8.5,8.5,8.5,8.5,8.5,8.5,8.5,8.4,8.4,8.4,8.4,8.4,8.4,8.4,8.5,8.5,8.5,8.5,8.2,8.2,8.2,8.3,8.3,8.3,8.3,8.4,8.4,8.4,8.3,8.3,8.3,8.3,8.1,8.1,8.1,8.0,8.0,8.0,8.0,8.0,8.0,8.0,8.0,8.0,8.0,8.0,8.0,8.0,8.0,8.0,8.0,8.0,8.0,8.0,8.0,8.0,7.9
77,LSU,8.8,8.8,8.8,8.5,8.5,8.5,8.8,8.8,8.8,8.8,8.5,8.5,8.5,8.4,8.4,8.4,8.3,8.3,8.3,8.3,8.1,8.1,8.1,8.1,8.1,8.1,8.1,7.8,7.8,7.8,7.8,7.6,7.6,7.6,8.0,8.0,8.0,8.0,8.0,8.0,8.0,7.9,7.9,7.9,8.0,8.0,8.0,8.0,8.0,8.0,8.0,8.0,8.0,8.0,8.0,8.1,8.1,8.1,8.1
78,Tennessee,8.8,8.8,8.5,8.5,8.5,8.5,8.5,8.5,8.5,8.4,8.4,8.4,8.4,8.2,8.2,8.2,8.2,8.0,8.0,8.0,7.8,7.8,7.8,7.8,7.8,7.8,7.8,8.0,8.0,8.0,8.0,8.2,8.2,8.2,8.4,8.4,8.4,8.3,8.3,8.3,8.3,8.1,8.1,8.1,8.1,8.1,8.1,8.1,8.1,8.1,8.1,8.1,7.9,7.9,7.9,7.9,7.9,7.9,7.8
79,Michigan St,8.7,8.7,8.7,8.7,9.2,9.2,9.2,9.1,9.1,9.1,9.1,9.1,9.1,8.7,8.7,8.7,8.7,8.7,8.7,8.8,8.8,8.8,8.6,8.6,8.6,8.6,8.5,8.5,8.4,8.4,8.4,8.4,8.4,8.4,8.4,8.4,8.4,8.4,8.4,8.4,8.4,8.3,8.3,8.3,8.5,8.5,8.5,8.5,8.5,8.5,8.5,8.6,8.6,8.6,8.6,8.6,8.5,8.5,8.5
80,W Michigan,8.7,8.7,8.8,8.8,8.8,8.8,8.4,8.4,8.4,8.1,8.1,8.1,8.1,8.1,8.1,8.1,7.8,7.8,7.8,7.8,7.8,7.8,7.8,7.7,7.7,7.7,7.7,7.8,7.8,7.8,7.8,7.8,7.8,7.6,7.6,7.6,7.6,7.6,7.6,7.6,7.6,7.6,7.6,7.6,7.6,7.6,7.6,7.6,7.5,7.5,7.5,7.6,7.6,7.6,7.5,7.5,7.5,7.5,7.4
81,S Utah,8.7,8.7,8.7,8.7,8.7,8.7,8.5,8.5,8.5,8.5,8.5,8.5,8.5,8.6,8.6,8.6,8.6,8.6,8.7,8.7,8.9,8.9,8.9,8.9,8.9,8.4,8.4,8.3,8.3,8.3,8.3,8.3,8.2,8.2,8.2,8.2,8.2,8.2,8.2,8.2,8.2,8.2,8.2,8.2,8.2,8.2,8.1,8.1,8.0,8.0,8.0,8.0,8.0,8.0,8.0,8.0,8.0,8.0,8.0
82,Yale,8.7,8.7,8.7,8.7,8.7,8.7,8.7,8.7,8.7,8.7,8.7,8.7,8.5,8.5,8.5,8.5,8.5,8.5,8.5,8.3,8.3,8.3,8.3,8.3,8.3,8.3,8.2,8.2,8.2,8.2,8.2,8.2,8.2,8.1,7.8,7.8,7.8,7.8,7.8,7.8,8.0,8.2,8.2,8.2,8.2,8.2,8.2,8.3,8.2,8.2,8.2,8.2,8.2,8.2,8.3,8.2,8.2,8.2,8.2
83,VCU,8.7,8.7,8.7,8.5,8.5,8.5,8.7,8.7,8.7,8.6,8.6,8.6,8.6,8.6,8.6,8.6,8.6,8.3,8.3,8.3,8.2,8.2,8.2,8.1,8.1,8.1,8.1,8.1,8.1,8.1,8.1,8.1,8.1,8.1,8.1,8.1,8.1,8.1,8.0,8.0,8.0,8.0,8.0,8.0,8.0,8.1,8.1,8.1,8.0,8.0,8.0,8.0,8.0,8.0,8.0,8.1,8.1,8.1,8.1
84,Stony Brook,8.7,8.7,8.7,8.6,8.6,8.6,8.6,8.6,8.6,8.6,8.7,8.7,8.7,8.5,8.5,8.5,8.5,8.5,8.6,8.6,8.6,8.4,8.4,8.4,8.3,8.3,8.3,8.2,8.2,8.2,8.2,8.2,8.2,8.2,8.1,8.1,8.1,8.1,8.1,8.0,8.0,8.0,8.2,8.2,8.2,8.2,8.0,8.0,8.0,8.0,8.0,8.0,8.0,8.0,8.0,7.9,7.9,7.9,7.9
85,Arkansas,8.7,8.7,8.5,8.5,8.5,8.5,8.2,8.2,8.2,8.2,7.9,7.9,7.9,7.8,7.8,7.8,7.8,7.8,7.8,7.8,8.0,8.0,8.0,8.2,8.2,8.2,8.2,8.1,8.1,8.1,8.1,8.1,8.1,8.1,7.9,7.9,7.9,7.9,7.9,7.9,7.9,8.0,8.0,8.0,7.9,7.9,7.9,7.9,8.0,8.0,8.0,8.0,8.0,8.0,8.0,8.0,8.0,8.0,8.1
86,S Alabama,8.7,8.7,8.7,8.7,8.7,8.7,8.8,8.8,8.8,8.8,8.8,8.8,8.8,8.4,8.4,8.4,8.4,8.4,8.2,8.2,8.0,8.0,8.0,8.0,8.0,7.7,7.7,7.9,7.9,7.9,7.9,7.9,7.9,7.9,7.7,7.7,7.7,7.7,7.7,7.7,7.7,7.8,7.8,7.8,7.8,7.8,7.8,7.8,7.9,7.9,7.9,7.9,7.9,7.9,7.9,8.1,8.1,8.1,8.1
87,Canisius,8.7,8.7,8.7,8.7,8.7,8.9,8.9,8.8,8.8,8.8,8.8,8.8,8.7,8.7,9.0,9.0,9.0,9.0,9.0,8.9,8.9,9.2,9.2,9.2,9.2,9.2,9.2,9.2,9.2,9.2,9.2,9.2,9.2,9.1,9.1,9.1,9.1,9.1,9.1,9.1,9.1,9.1,9.1,9.2,9.2,9.2,9.2,9.3,9.3,9.3,9.3,9.3,9.3,9.3,9.3,9.3,9.4,9.4,9.4
88,Mt St Marys,8.6,8.6,8.6,8.6,9.0,9.0,9.5,9.5,9.5,9.5,9.5,9.6,9.6,9.6,9.6,9.6,9.6,9.6,9.7,9.7,9.9,9.9,9.9,9.9,9.9,10.1,10.1,10.0,10.0,10.0,10.0,10.0,10.0,10.0,10.0,10.0,10.0,10.0,10.0,9.9,9.9,9.9,9.9,9.9,9.9,9.9,10.0,10.0,10.0,10.0,10.0,10.0,10.0,9.9,9.9,9.9,9.9,9.9,9.9
89,USC,8.6,8.6,8.6,8.6,8.4,8.4,8.4,8.4,8.4,8.4,8.4,8.4,8.4,8.4,8.7,8.7,8.7,8.7,8.7,8.7,8.7,8.7,8.7,8.7,8.5,8.5,8.5,8.5,8.6,8.6,8.6,8.6,8.6,8.6,8.6,8.6,8.6,8.6,8.6,8.6,8.6,8.5,8.5,8.5,8.5,8.5,8.5,8.5,8.4,8.4,8.4,8.4,8.4,8.4,8.4,8.4,8.4,8.4,8.4
90,St Marys,8.6,8.6,8.6,8.6,8.7,8.7,8.2,8.2,8.2,8.2,8.2,8.3,8.3,8.2,8.2,8.2,8.2,8.2,8.2,8.2,8.0,8.0,8.0,8.0,8.0,8.0,8.0,8.2,8.2,8.2,8.2,8.2,8.2,8.2,8.1,8.1,8.1,8.1,8.1,8.0,8.0,7.9,7.9,7.9,7.9,7.9,7.8,7.8,7.6,7.6,7.6,7.6,7.6,7.8,7.8,7.6,7.6,7.6,7.6
91,Central Mich,8.6,8.6,8.7,8.7,8.7,8.7,8.9,8.9,8.9,8.8,8.8,8.8,8.8,8.6,8.6,8.6,8.7,8.7,8.7,8.7,8.9,8.9,8.9,8.9,8.9,8.9,8.9,8.8,8.8,8.8,9.3,9.3,9.3,9.3,9.4,9.4,9.4,9.3,9.3,9.3,9.3,9.1,9.1,9.1,8.9,8.9,8.9,8.9,9.0,9.0,9.0,8.9,8.9,8.9,8.8,8.8,8.8,8.8,9.0
92,U Mass,8.6,8.6,8.6,8.3,8.3,8.3,8.2,8.2,8.2,8.2,8.4,8.4,8.4,8.4,8.4,8.4,8.4,8.3,8.3,8.3,8.2,8.2,8.2,8.2,8.2,8.2,8.2,8.2,8.2,8.2,8.3,8.3,8.3,8.3,8.4,8.4,8.4,8.4,8.4,8.4,8.4,8.6,8.6,8.6,8.6,8.6,8.6,8.6,8.7,8.7,8.7,8.7,8.9,8.9,8.9,8.8,8.8,8.8,8.8
93,TX-Arlington,8.6,8.6,8.6,8.6,8.6,8.6,8.5,8.5,8.5,8.5,8.5,8.4,8.4,8.7,8.7,8.7,8.7,8.7,8.7,8.7,8.7,8.7,8.7,8.7,8.7,8.8,8.8,8.7,8.7,8.7,8.7,8.7,8.7,8.7,8.8,8.8,8.8,8.8,8.8,8.8,8.8,8.7,8.7,8.7,8.7,8.7,8.8,8.8,8.8,8.8,8.8,8.8,8.8,8.8,8.8,9.0,9.0,9.0,9.0
94,Boston U,8.5,8.5,8.6,8.6,8.6,8.2,8.2,8.2,8.1,8.1,8.1,8.1,8.1,8.1,7.9,7.9,7.9,7.7,7.7,7.7,7.7,7.7,7.7,7.7,7.6,7.6,7.6,7.6,7.5,7.5,7.5,7.3,7.3,7.3,7.5,7.5,7.5,7.5,7.6,7.6,7.6,7.5,7.5,7.5,7.5,7.2,7.2,7.2,7.2,7.2,7.2,7.2,7.3,7.3,7.3,7.4,7.4,7.4,7.4
95,Presbyterian,8.5,8.5,8.5,8.6,8.6,8.6,8.7,8.7,8.7,8.8,8.8,8.8,8.7,8.7,8.7,8.6,8.6,8.6,8.3,8.3,8.3,8.3,8.3,8.3,8.2,8.2,8.2,8.4,8.4,8.4,8.4,8.4,8.4,8.4,8.5,8.5,8.5,8.5,8.3,8.3,8.3,8.3,8.3,8.3,8.3,8.3,8.4,8.4,8.4,8.5,8.5,8.5,8.5,8.4,8.4,8.4,8.4,8.4,8.3
96,E Washingtn,8.5,8.5,8.5,8.5,8.5,8.5,8.6,8.6,8.6,8.6,8.6,8.6,8.6,8.6,8.6,8.6,8.6,8.6,9.0,9.0,8.7,8.7,8.7,8.7,8.7,9.1,9.1,8.8,8.8,8.8,8.8,8.8,8.9,8.9,9.0,9.0,9.0,9.0,9.0,9.0,8.9,8.9,8.9,8.9,8.9,8.9,8.8,8.8,8.8,8.8,8.8,8.8,8.8,8.7,8.7,8.8,8.8,8.8,8.8
97,Wyoming,8.5,8.5,8.5,8.5,8.5,8.5,8.4,8.4,8.4,8.4,8.1,8.1,8.1,8.0,8.0,8.0,8.0,8.0,8.0,8.0,8.1,8.1,8.1,8.1,8.1,8.1,8.1,8.2,8.2,8.2,8.2,8.4,8.4,8.4,8.5,8.5,8.5,8.5,8.5,8.5,8.5,8.4,8.4,8.4,8.4,8.4,8.4,8.4,8.7,8.7,8.7,8.9,8.9,8.9,8.9,8.9,8.9,8.9,8.9
98,TX Christian,8.5,8.5,8.5,8.5,8.5,8.5,8.5,8.5,8.5,8.5,8.9,8.9,8.9,9.1,9.1,9.1,9.1,9.3,9.3,9.3,9.2,9.2,9.2,9.2,9.2,9.2,9.2,9.1,9.1,9.1,9.1,9.1,9.1,9.1,9.0,9.0,9.0,9.0,9.0,9.0,9.0,9.0,9.0,8.9,8.9,8.9,8.9,8.9,8.9,8.9,8.9,8.9,8.8,8.8,8.8,8.8,8.8,8.8,8.6
99,Vanderbilt,8.5,8.5,8.6,8.6,8.6,8.6,8.5,8.5,8.5,8.7,8.7,8.7,8.7,8.5,8.5,8.5,8.3,8.3,8.3,8.3,8.2,8.2,8.2,8.1,8.1,8.1,8.1,8.2,8.2,8.2,8.2,8.2,8.2,8.2,8.3,8.3,8.3,8.3,8.4,8.4,8.4,8.2,8.2,8.2,8.2,8.4,8.4,8.4,8.4,8.4,8.4,8.6,8.6,8.6,8.6,8.8,8.8,8.8,9.0
100,Detroit,8.5,8.5,8.5,8.5,8.5,8.1,8.1,7.9,7.9,7.9,8.2,8.2,8.4,8.4,8.4,8.4,8.6,8.6,8.6,8.6,8.7,8.7,8.7,8.7,8.7,8.7,8.8,8.8,8.6,8.6,8.6,8.6,8.6,8.6,8.6,8.4,8.4,8.4,8.4,8.4,8.5,8.5,8.5,8.5,8.5,8.4,8.4,8.3,8.3,8.3,8.4,8.4,8.4,8.3,8.3,8.3,8.3,8.3,8.3
101,Georgia St,8.5,8.5,8.5,8.5,8.6,8.6,8.7,8.7,8.7,8.7,8.7,8.5,8.5,8.8,8.8,8.8,8.8,8.8,8.8,8.8,9.1,9.1,9.1,9.1,9.1,8.9,8.9,8.7,8.7,8.7,8.7,8.7,8.8,8.8,9.0,9.0,9.0,9.0,9.0,9.2,9.2,9.1,9.1,9.1,9.1,9.1,9.1,9.0,9.0,9.0,9.0,9.0,9.0,9.0,9.0,9.2,9.2,9.2,9.2
102,Lehigh,8.5,8.5,8.4,8.4,8.4,8.9,8.9,8.9,9.3,9.3,9.3,9.1,9.1,9.1,8.9,8.9,8.9,8.9,8.9,8.9,9.2,9.2,9.2,9.2,9.4,9.4,9.4,9.5,9.5,9.6,9.6,9.6,9.6,9.6,9.6,9.6,9.7,9.7,9.7,9.7,9.7,9.8,9.8,9.8,9.8,9.7,9.7,9.7,9.8,9.8,9.8,9.8,9.9,9.9,9.9,9.8,9.8,9.8,9.8
103,Lafayette,8.5,8.5,8.3,8.3,8.3,8.2,8.2,8.2,8.1,8.1,8.1,8.3,8.3,8.3,8.2,8.2,8.2,8.1,8.1,8.1,7.9,7.9,7.9,7.9,8.0,8.0,8.0,8.2,8.2,8.2,8.2,8.4,8.4,8.4,8.3,8.3,8.3,8.3,8.4,8.4,8.4,8.4,8.5,8.5,8.5,8.4,8.4,8.4,8.6,8.6,8.6,8.6,8.6,8.6,8.6,8.5,8.5,8.5,8.6
104,Ohio,8.5,8.5,8.0,8.0,8.0,8.0,8.1,8.1,8.1,8.1,8.1,8.1,8.1,8.1,8.1,8.1,7.8,7.8,7.8,7.8,7.9,7.9,7.9,8.0,8.0,8.0,7.9,7.9,7.9,7.9,7.7,7.7,7.7,7.7,7.8,7.8,7.8,8.1,8.1,8.1,8.1,8.2,8.2,8.2,8.0,8.0,8.0,8.0,8.0,8.0,8.0,8.0,8.0,8.0,8.0,8.1,8.1,8.1,8.1
105,Winthrop,8.4,8.4,8.4,8.9,8.9,8.9,8.7,8.7,8.7,8.6,8.6,8.6,8.8,8.8,8.8,9.0,9.0,9.0,9.1,9.1,9.1,9.1,9.1,9.1,9.2,9.2,9.2,9.1,9.1,9.1,9.1,9.1,9.1,9.1,9.1,9.1,9.1,9.1,9.1,9.1,9.1,9.1,9.1,9.1,9.1,9.1,9.1,9.1,9.1,9.2,9.2,9.2,9.2,9.0,9.0,8.8,8.8,8.8,8.8
106,Northwestern,8.4,8.4,8.3,8.3,8.3,8.4,8.4,8.4,8.4,8.4,8.6,8.6,8.6,8.6,8.5,8.5,8.5,8.5,8.5,8.5,8.3,8.3,8.3,8.1,8.1,8.1,8.1,8.1,8.1,8.0,8.0,8.0,7.8,7.8,7.8,7.8,7.8,7.8,7.8,7.8,7.8,7.8,7.8,7.8,7.8,7.8,7.8,7.8,7.9,7.9,7.9,7.9,7.9,7.8,7.8,7.8,8.0,8.0,8.0
107,San Fransco,8.4,8.4,8.4,8.4,8.4,8.4,8.2,8.2,8.2,8.2,8.2,8.2,8.2,8.4,8.4,8.4,8.4,8.4,8.3,8.3,8.4,8.4,8.4,8.4,8.4,8.5,8.5,8.5,8.5,8.5,8.5,8.5,8.4,8.4,8.4,8.4,8.4,8.4,8.4,8.2,8.2,8.2,8.2,8.2,8.2,8.2,8.1,8.1,8.1,8.1,8.1,8.1,8.1,8.3,8.3,8.3,8.3,8.3,8.3
108,Utah State,8.4,8.4,8.4,8.5,8.5,8.5,8.6,8.6,8.6,8.6,8.7,8.7,8.7,8.4,8.4,8.4,8.4,8.4,8.4,8.4,8.6,8.6,8.6,8.6,8.6,8.6,8.6,8.8,8.8,8.8,8.8,9.0,9.0,9.0,9.0,9.0,9.0,9.0,8.9,8.9,8.9,8.9,8.9,8.9,8.9,9.0,9.0,9.0,9.0,9.0,9.0,9.0,9.0,9.0,9.0,9.0,9.0,9.0,9.0
109,UCSB,8.4,8.4,8.4,8.4,8.2,8.2,8.4,8.4,8.4,8.4,8.4,8.4,8.4,8.4,8.5,8.5,8.5,8.6,8.6,8.6,8.3,8.3,8.3,8.3,8.3,8.1,8.1,8.1,8.1,8.1,8.1,8.1,8.0,8.0,8.0,8.0,8.0,8.0,8.0,8.1,8.1,8.1,8.1,8.1,8.1,8.1,8.0,8.0,7.9,7.9,7.9,7.9,7.9,7.7,7.7,7.8,7.8,7.8,7.8
110,Hartford,8.4,8.4,8.4,8.4,8.4,8.4,8.3,8.3,8.3,8.3,7.9,7.9,7.9,8.5,8.5,8.4,8.4,8.4,8.5,8.5,8.5,8.4,8.4,8.4,8.4,8.4,8.4,8.6,8.6,8.6,8.6,8.7,8.7,8.7,8.7,8.7,8.7,8.7,8.7,8.7,8.7,8.7,8.5,8.5,8.5,8.5,8.4,8.4,8.4,8.3,8.3,8.3,8.3,8.3,8.3,8.1,8.1,8.1,8.1
111,Kansas St,8.4,8.5,8.5,8.5,8.5,8.5,8.2,8.2,8.2,8.2,8.1,8.1,8.1,8.1,8.1,8.1,8.1,8.1,8.1,8.1,8.1,8.1,8.1,8.1,8.1,8.1,8.1,7.9,7.9,7.8,7.8,7.8,7.8,7.8,7.8,7.8,7.8,7.8,7.8,7.8,7.8,7.6,7.6,7.6,7.6,7.6,7.6,7.6,7.7,7.7,7.7,7.7,7.5,7.5,7.5,7.4,7.4,7.4,7.3
112,Houston,8.4,8.4,8.4,8.4,8.1,8.1,8.1,8.1,8.1,8.1,8.1,8.7,8.7,8.7,8.7,8.7,8.7,8.7,8.7,8.7,8.5,8.5,8.5,8.5,8.5,8.5,8.5,8.5,8.4,8.4,8.4,8.5,8.5,8.5,8.4,8.4,8.4,8.4,8.4,8.5,8.5,8.5,8.5,8.5,8.5,8.5,8.4,8.4,8.4,8.5,8.5,8.5,8.5,8.6,8.6,8.6,8.9,8.9,8.9
113,Chattanooga,8.3,8.3,8.3,8.3,8.4,8.4,8.1,8.1,8.1,8.1,7.9,7.9,7.9,8.4,8.4,8.5,8.5,8.5,8.5,8.5,8.4,8.4,8.4,8.4,8.3,8.3,8.3,8.2,8.2,8.3,8.3,8.3,8.4,8.4,8.3,8.3,8.3,8.3,8.3,8.4,8.4,8.3,8.3,8.3,8.3,8.3,8.1,8.1,8.0,8.0,8.0,8.0,8.0,8.0,8.0,8.0,8.0,8.0,8.0
114,W Illinois,8.3,8.3,8.3,7.9,7.9,7.9,7.8,7.8,7.8,7.8,7.8,7.6,7.6,7.6,7.6,7.6,7.6,7.7,7.7,7.7,7.6,7.6,7.6,7.6,7.6,7.5,7.5,7.4,7.4,7.4,7.4,7.4,7.3,7.3,7.3,7.3,7.3,7.3,7.3,7.5,7.5,7.5,7.5,7.5,7.5,7.5,7.5,7.5,7.3,7.3,7.3,7.3,7.3,7.0,7.0,6.8,6.8,6.8,6.8
115,Grd Canyon,8.3,8.3,8.3,8.3,8.3,8.3,8.2,8.2,8.2,8.2,8.2,8.0,8.0,7.9,7.9,7.9,7.9,7.9,7.9,7.9,7.8,7.8,7.8,7.8,7.8,7.8,7.8,7.6,7.6,7.6,7.6,7.6,7.5,7.5,7.7,7.7,7.7,7.7,7.7,7.7,7.7,7.7,7.7,7.7,7.7,7.7,7.7,7.7,7.6,7.6,7.6,7.6,7.6,7.6,7.6,7.5,7.5,7.5,7.5
116,Neb Omaha,8.3,8.3,8.3,8.3,8.3,8.3,8.5,8.5,8.5,8.5,8.5,8.8,8.8,8.6,8.6,8.6,8.6,8.6,8.5,8.5,8.3,8.3,8.3,8.3,8.3,8.2,8.2,8.2,8.2,8.2,8.0,8.0,8.0,8.0,8.0,8.0,8.0,8.0,8.0,8.0,8.0,8.2,8.2,8.2,8.2,8.1,8.1,8.1,8.1,8.1,8.1,8.1,8.1,8.1,8.1,8.1,8.1,8.1,8.1
117,Miami (OH),8.3,8.3,8.3,8.3,8.3,8.3,8.3,8.3,8.3,8.4,8.4,8.4,8.4,8.3,8.3,8.3,8.1,8.1,8.1,8.1,8.3,8.3,8.3,8.4,8.4,8.4,8.4,8.4,8.4,8.4,8.5,8.5,8.5,8.5,8.5,8.5,8.5,8.5,8.5,8.5,8.3,8.3,8.3,8.3,8.3,8.3,8.3,8.3,8.5,8.5,8.5,8.6,8.6,8.6,8.6,8.4,8.4,8.4,8.5
118,St Josephs,8.2,8.2,8.2,8.1,8.1,8.1,8.1,8.1,8.1,8.1,8.3,8.3,8.3,8.3,8.0,8.0,8.0,8.1,8.1,8.1,8.1,8.1,8.1,8.1,7.9,7.9,7.9,7.8,7.8,7.8,7.8,7.8,7.8,7.8,8.0,8.0,8.0,8.0,8.0,8.0,8.0,8.1,8.1,8.1,8.1,8.0,8.0,8.0,8.1,8.1,8.1,8.1,7.9,7.9,7.9,7.9,7.9,7.9,7.9
119,N Colorado,8.2,8.2,8.2,8.2,8.2,8.2,8.6,8.6,8.6,8.6,8.6,8.5,8.5,8.6,8.6,8.6,8.6,8.6,8.6,8.6,8.6,8.6,8.6,8.6,8.6,8.8,8.8,8.7,8.7,8.7,8.7,8.7,8.7,8.7,8.8,8.8,8.8,8.8,8.8,8.5,8.5,8.2,8.2,8.2,8.2,8.2,8.3,8.3,8.4,8.4,8.4,8.4,8.4,8.4,8.4,8.4,8.4,8.4,8.4
120,St Peters,8.2,8.2,8.2,8.2,8.2,8.2,8.2,8.5,8.5,8.5,8.5,8.5,8.3,8.3,8.4,8.4,8.4,8.4,8.6,8.6,8.6,8.4,8.4,8.4,8.4,8.4,8.4,8.4,8.4,8.3,8.3,8.3,8.3,8.2,8.2,8.0,8.0,8.0,8.0,8.0,8.0,8.0,8.0,8.0,7.9,7.9,7.9,7.9,7.8,7.8,7.8,7.8,7.8,7.8,7.9,7.9,7.9,7.9,7.9
121,Binghamton,8.2,8.2,8.2,8.2,8.2,8.2,8.1,8.1,8.1,8.1,7.8,7.8,7.8,7.8,7.8,7.7,7.7,7.7,7.7,7.7,7.7,7.6,7.6,7.6,7.5,7.5,7.5,7.3,7.3,7.3,7.3,7.3,7.3,7.3,7.6,7.6,7.6,7.6,7.6,7.6,7.6,7.6,7.6,7.6,7.6,7.6,7.6,7.6,7.6,7.5,7.5,7.5,7.4,7.4,7.4,7.5,7.5,7.5,7.4
122,Duquesne,8.2,8.2,8.2,8.1,8.1,8.1,8.0,8.0,8.0,8.2,8.2,8.2,8.2,8.2,8.2,8.2,8.2,8.2,8.2,8.2,8.6,8.6,8.6,8.6,8.5,8.5,8.5,8.3,8.3,8.3,8.3,8.3,8.3,8.3,8.2,8.2,8.2,8.2,8.3,8.3,8.3,8.2,8.2,8.2,8.2,8.2,8.2,8.2,8.2,8.2,8.2,8.2,8.1,8.1,8.1,8.2,8.2,8.2,8.2
123,Boston Col,8.2,8.2,8.2,8.3,8.3,8.3,8.2,8.2,8.2,8.4,8.4,8.4,8.4,8.6,8.6,8.6,8.6,8.6,8.6,8.6,8.6,8.6,8.6,8.6,8.7,8.7,8.7,8.7,8.7,8.7,8.7,8.8,8.8,8.8,8.8,8.9,8.9,9.0,9.0,9.0,9.0,8.9,8.9,8.9,8.9,8.9,8.9,8.9,8.9,8.9,8.9,8.7,8.7,8.7,8.7,8.5,8.5,8.5,8.5
124,Iowa,8.2,8.2,8.1,8.1,8.0,8.0,8.0,8.2,8.2,8.2,8.2,8.1,8.1,8.1,8.1,8.1,8.1,8.1,8.1,8.1,8.0,8.0,8.0,7.9,7.9,7.9,7.9,8.0,8.0,8.0,8.1,8.1,8.1,8.1,7.8,7.8,7.8,7.9,7.9,7.9,7.9,7.8,7.8,7.8,7.8,7.6,7.6,7.6,7.7,7.7,7.7,7.7,7.6,7.6,7.6,7.6,7.6,7.6,7.6
125,Wagner,8.2,8.2,8.2,8.2,8.1,8.1,8.2,8.2,8.2,8.2,8.2,8.4,8.4,8.3,8.3,8.3,8.3,8.3,8.1,8.1,8.0,8.0,8.0,8.0,8.0,8.0,8.2,8.2,8.2,8.2,8.2,8.2,8.4,8.4,8.3,8.3,8.3,8.3,8.3,8.6,8.6,8.6,8.6,8.6,8.6,8.6,8.9,8.9,8.8,8.8,8.8,8.8,8.8,8.8,8.8,8.5,8.5,8.5,8.5
126,Bowling Grn,8.2,8.2,8.1,8.1,8.1,8.1,8.1,8.1,8.1,8.1,8.1,8.1,8.1,8.0,8.0,8.0,7.9,7.9,7.9,7.9,8.0,8.0,8.0,7.9,7.9,7.9,7.9,7.9,7.9,7.9,7.8,7.8,7.8,7.8,7.8,7.8,7.8,7.8,7.8,7.8,7.8,7.8,7.8,7.8,7.7,7.7,7.7,7.6,7.6,7.6,7.6,7.5,7.5,7.5,7.5,7.4,7.4,7.4,7.2
127,N Iowa,8.2,8.2,8.2,8.2,7.8,7.8,7.8,7.7,7.7,7.7,7.7,7.7,7.7,7.6,7.6,7.6,7.5,7.5,7.5,7.5,7.5,7.6,7.6,7.6,7.7,7.7,7.7,7.7,7.5,7.5,7.5,7.5,7.5,7.5,7.4,7.4,7.4,7.4,7.4,7.4,7.4,7.4,7.4,7.4,7.3,7.3,7.3,7.3,7.3,7.3,7.3,7.2,7.2,7.2,7.2,7.2,7.2,7.2,7.2
128,WI-Grn Bay,8.2,8.2,7.6,7.6,7.9,7.9,7.7,7.7,7.7,7.7,7.6,7.6,7.4,7.4,7.4,7.6,7.6,7.6,7.6,7.6,7.8,7.8,7.8,7.8,7.8,7.8,7.8,8.0,8.0,8.0,8.0,8.0,8.0,8.0,8.0,8.0,8.0,8.0,8.0,8.1,8.1,8.3,8.3,8.3,8.3,8.3,8.3,8.4,8.4,8.4,8.4,8.4,8.4,8.7,8.7,8.9,8.9,8.9,8.9
129,Wake Forest,8.2,8.2,8.2,8.2,8.2,8.2,8.5,8.5,8.5,8.5,8.5,8.5,8.5,8.6,8.6,8.6,8.6,8.6,8.3,8.3,8.3,8.1,8.1,8.0,8.0,8.0,8.0,7.9,7.9,7.9,7.9,7.9,7.9,7.9,7.9,7.9,7.9,7.9,8.0,8.0,8.0,8.0,8.0,8.0,8.0,8.1,8.1,8.1,8.0,8.0,8.0,8.0,7.8,7.8,7.8,7.8,7.8,7.8,7.8
130,Bucknell,8.1,8.1,8.0,8.0,8.0,8.4,8.4,8.4,8.2,8.2,8.2,8.2,8.2,8.2,8.2,8.1,8.1,7.9,7.9,7.9,7.9,7.9,7.9,7.9,8.0,8.0,8.0,8.0,8.0,8.0,8.0,7.8,7.8,7.8,7.9,7.9,8.0,8.0,8.0,8.0,8.0,8.0,8.0,7.9,7.9,7.9,7.9,7.9,7.8,7.8,7.8,7.8,7.8,7.8,7.8,7.7,7.7,7.7,7.7
131,Duke,8.1,8.1,8.1,8.1,8.1,8.1,7.8,7.8,7.8,7.8,8.1,8.1,8.1,8.3,8.3,8.4,8.4,8.4,8.4,8.4,8.6,8.6,8.6,8.5,8.5,8.5,8.5,8.3,8.3,8.5,8.5,8.5,8.5,8.5,8.5,8.5,8.5,8.5,8.5,8.5,8.5,8.5,8.4,8.4,8.4,8.7,8.7,8.7,8.7,8.6,8.6,8.6,8.6,8.6,8.6,8.4,8.4,8.4,8.4
132,Rider,8.1,8.1,8.1,8.1,8.1,8.4,8.4,8.1,8.1,8.1,8.1,8.1,8.0,8.0,7.8,7.8,7.8,7.8,7.9,7.9,7.7,7.7,7.7,7.8,7.8,7.8,7.7,7.7,7.7,7.9,7.9,7.9,7.9,7.9,7.9,7.9,7.9,7.9,7.9,7.8,7.8,7.7,7.7,7.7,7.7,7.7,7.7,7.7,7.7,7.7,7.7,7.7,7.7,7.8,7.8,7.8,7.8,7.8,7.8
133,Vermont,8.1,8.1,8.2,8.2,8.4,8.4,8.2,8.2,8.2,8.2,8.1,8.1,8.1,8.2,8.2,8.2,8.2,8.2,8.2,8.2,8.2,8.2,8.2,8.2,8.0,8.0,8.0,8.0,8.0,8.0,8.0,7.9,7.9,7.9,7.9,7.9,7.9,7.9,7.9,7.8,7.8,7.8,7.7,7.7,7.7,7.7,7.7,7.7,7.7,7.7,7.7,7.7,7.7,7.7,7.7,7.6,7.6,7.6,7.6
134,Northeastrn,8.1,8.1,8.4,8.4,8.4,8.6,8.6,8.9,8.9,8.9,8.9,8.9,8.9,8.9,8.9,8.9,8.9,8.9,9.1,9.1,9.1,9.1,9.1,9.1,9.1,9.0,9.0,8.8,8.8,8.8,8.8,8.8,8.8,8.8,8.7,8.7,8.7,8.7,8.7,8.8,8.8,8.9,8.9,8.9,8.9,8.9,8.7,8.7,8.7,8.7,8.7,8.7,8.7,8.8,8.8,8.9,8.9,8.9,8.9
135,Dayton,8.1,8.1,8.1,8.0,8.0,8.0,8.1,8.1,8.1,8.0,8.0,8.0,8.5,8.5,8.5,8.5,8.5,8.8,8.8,8.8,8.5,8.5,8.5,8.5,8.5,8.5,8.5,8.5,8.5,8.5,8.5,8.5,8.5,8.5,8.4,8.4,8.4,8.4,8.3,8.3,8.3,8.6,8.6,8.6,8.6,8.5,8.5,8.5,8.5,8.5,8.5,8.4,8.4,8.4,8.2,8.2,8.2,8.2,8.2
136,Marist,8.1,8.1,8.7,8.7,8.7,8.7,8.7,8.5,8.5,8.5,8.5,8.5,8.5,8.9,8.9,8.9,8.9,8.9,9.0,9.0,8.9,8.9,8.9,8.9,8.9,9.1,9.1,9.2,9.2,9.2,9.4,9.4,9.4,9.3,9.3,9.2,9.2,9.2,9.2,9.2,9.2,9.3,9.3,9.3,9.3,9.3,9.2,9.2,9.3,9.3,9.3,9.3,9.3,9.3,9.3,9.3,9.3,9.3,9.3
137,Notre Dame,8.1,8.1,8.1,8.3,8.3,8.3,8.1,8.1,8.1,8.1,7.8,7.8,7.8,7.9,7.9,7.9,8.1,8.1,8.1,8.1,8.1,8.1,8.1,8.1,8.1,8.1,8.1,8.3,8.3,8.2,8.2,8.2,8.2,8.2,8.2,8.2,8.2,8.6,8.6,8.6,8.6,8.6,8.6,8.7,8.7,8.7,8.7,8.7,8.9,8.9,8.8,8.8,8.8,8.8,8.8,8.8,8.8,8.8,8.8
138,Pittsburgh,8.1,8.1,7.9,7.9,7.9,7.9,8.2,8.2,8.2,8.2,7.9,7.9,7.9,7.8,7.8,7.8,7.8,7.8,7.8,7.8,7.7,7.7,7.7,7.7,7.7,7.7,7.7,7.7,7.7,7.7,7.7,7.8,7.8,7.8,7.9,7.9,7.9,7.9,7.9,7.8,7.8,7.8,7.8,7.8,7.9,7.9,7.9,7.9,7.9,8.0,8.0,8.0,8.1,8.1,8.1,8.1,8.1,8.1,8.1
139,Maryland,8.1,8.1,7.8,7.8,7.8,7.8,7.8,7.6,7.6,7.6,7.6,7.6,7.6,7.6,7.6,7.6,7.6,7.6,7.7,7.7,7.7,7.7,7.7,7.7,7.7,7.7,7.7,7.7,7.7,7.7,7.7,7.7,7.7,7.7,7.7,7.5,7.5,7.5,7.6,7.6,7.6,7.6,7.6,7.6,7.5,7.5,7.5,7.5,7.4,7.4,7.3,7.3,7.3,7.3,7.3,7.2,7.2,7.2,7.2
140,Tulane,8.1,8.1,8.1,8.1,8.0,8.0,8.0,8.0,8.0,8.4,8.4,8.4,8.4,8.1,8.1,8.1,8.1,8.2,8.2,8.2,8.4,8.4,8.4,8.4,8.4,8.4,8.4,8.4,8.4,8.4,8.4,8.2,8.2,8.2,8.2,8.0,8.0,8.0,8.0,8.0,8.0,8.0,7.8,7.8,7.8,7.8,7.8,7.8,7.8,7.8,7.8,7.8,7.9,7.9,7.9,7.8,7.8,7.8,7.8
141,Cornell,8.0,8.0,8.0,8.0,8.0,8.0,8.0,8.0,8.0,8.0,8.0,8.0,7.7,7.6,7.6,7.6,7.6,7.6,7.6,7.6,7.6,7.6,7.6,7.6,7.6,7.6,7.6,7.6,7.6,7.6,7.6,7.6,7.6,7.6,7.7,7.7,7.7,7.7,7.7,7.7,7.6,7.5,7.5,7.5,7.5,7.5,7.5,7.6,7.5,7.5,7.5,7.5,7.5,7.5,7.4,7.5,7.5,7.5,7.5
142,Fairfield,8.0,8.0,8.0,8.0,8.0,8.2,8.2,8.1,8.1,8.1,8.1,8.2,8.2,8.4,8.4,8.4,8.4,8.4,8.4,8.4,8.6,8.6,8.6,8.9,8.9,8.9,8.9,8.8,8.8,9.0,9.0,9.0,9.0,9.0,9.0,9.0,9.0,9.0,9.0,9.0,9.0,9.2,9.2,9.0,9.0,9.0,9.1,9.1,9.2,9.2,9.2,9.2,9.1,9.1,9.1,9.0,9.0,9.0,9.0
143,Cincinnati,8.0,8.0,8.0,8.0,7.7,7.7,7.7,7.7,7.7,7.7,7.7,7.7,7.7,7.6,7.6,7.6,7.5,7.5,7.5,7.5,7.4,7.4,7.4,7.4,7.4,7.4,7.4,7.4,7.4,7.4,7.4,7.5,7.5,7.5,7.5,7.5,7.5,7.6,7.6,7.6,7.6,7.6,7.5,7.5,7.5,7.5,7.4,7.4,7.4,7.4,7.4,7.4,7.4,7.5,7.5,7.5,7.7,7.7,7.7
144,Nebraska,7.9,7.9,7.9,7.9,7.9,7.9,7.8,7.8,7.8,7.4,7.4,7.4,7.5,7.5,7.5,7.4,7.4,7.4,7.3,7.3,7.3,7.3,7.3,7.3,7.2,7.2,7.2,7.4,7.4,7.2,7.2,7.2,7.2,7.2,7.2,7.2,7.2,7.4,7.4,7.4,7.4,7.2,7.2,7.2,7.2,7.2,7.2,7.2,7.2,7.3,7.3,7.3,7.3,7.3,7.3,7.3,7.2,7.2,7.2
145,Rice,7.9,7.9,7.9,7.9,8.4,8.4,8.3,8.3,8.3,8.3,8.3,8.3,8.3,8.3,8.3,8.3,8.3,8.3,8.4,8.4,8.2,8.2,8.2,8.2,8.2,8.2,8.2,8.2,8.2,8.2,8.2,8.2,8.2,8.2,8.3,8.3,8.3,8.3,8.3,8.2,8.2,8.3,8.3,8.3,8.3,8.3,8.3,8.3,8.5,8.5,8.5,8.5,8.5,8.6,8.6,8.6,8.6,8.6,8.6
146,W Carolina,7.9,7.9,7.9,7.9,7.6,7.6,7.9,7.9,7.9,7.9,7.7,7.7,7.7,7.6,7.6,7.4,7.4,7.4,7.4,7.4,7.2,7.2,7.2,7.2,7.2,7.2,7.2,7.0,7.0,7.1,7.1,7.1,7.2,7.2,7.2,7.2,7.2,7.2,7.2,7.3,7.3,7.2,7.2,7.2,7.2,7.2,7.2,7.2,7.2,7.2,7.2,7.1,7.1,7.1,7.0,7.0,7.1,7.1,7.1
147,Iowa State,7.9,7.8,7.8,7.8,7.8,7.8,7.7,7.7,7.7,7.9,7.9,7.9,7.9,8.0,8.0,8.0,8.0,8.0,8.0,8.0,8.0,8.0,7.9,7.9,7.9,7.9,7.9,7.7,7.7,7.7,7.7,7.8,7.8,7.8,7.9,7.9,7.9,7.9,7.7,7.7,7.7,7.7,7.7,7.7,7.5,7.5,7.5,7.5,7.5,7.5,7.5,7.5,7.5,7.5,7.5,7.6,7.6,7.6,7.8
148,Dartmouth,7.9,7.9,7.9,7.9,7.9,7.9,7.6,7.6,7.6,7.6,7.9,7.9,7.9,8.0,8.0,8.0,8.0,8.0,8.0,8.0,8.0,8.0,8.0,8.0,8.0,8.0,7.5,7.3,7.3,7.3,7.3,7.3,7.3,7.2,7.6,7.6,7.6,7.6,7.6,7.6,7.5,7.5,7.5,7.5,7.5,7.5,7.5,7.5,7.5,7.5,7.5,7.5,7.5,7.5,7.1,7.1,7.1,7.1,7.1
149,Butler,7.9,7.9,7.8,7.8,7.8,7.8,7.8,7.8,7.8,7.6,7.6,7.6,7.5,7.5,7.5,7.5,7.5,7.5,7.5,7.5,7.6,7.6,7.6,7.6,7.6,7.6,7.6,7.8,7.8,7.8,7.8,7.8,7.8,7.8,7.9,7.9,7.9,8.1,8.1,8.1,8.1,8.3,8.3,8.3,8.1,8.1,8.1,8.1,8.0,8.0,8.0,8.2,8.2,8.2,8.2,8.2,8.2,8.2,8.2
150,UCLA,7.9,7.9,7.9,7.9,8.0,8.0,8.6,8.6,8.6,8.6,8.6,8.8,8.8,8.6,8.6,8.6,8.6,8.6,8.5,8.5,8.6,8.6,8.6,8.6,8.6,8.4,8.4,8.5,8.5,8.5,8.5,8.5,8.5,8.5,8.7,8.7,8.7,8.7,8.7,8.8,8.8,8.7,8.7,8.7,8.7,8.7,8.5,8.5,8.8,8.8,8.8,8.8,8.8,9.0,9.0,9.0,9.1,9.1,9.1
151,TX Southern,7.8,8.4,8.4,8.4,8.4,8.4,8.6,8.6,8.6,8.6,8.6,8.6,8.6,8.4,8.4,8.1,8.1,8.1,8.1,8.1,8.1,8.1,7.8,7.8,7.8,7.8,7.8,7.6,7.6,7.6,7.6,7.6,7.6,7.6,7.4,7.4,7.4,7.4,7.4,7.4,7.4,7.3,7.3,7.2,7.2,7.2,7.2,7.2,7.3,7.3,7.2,7.2,7.2,7.2,7.2,7.5,7.5,7.7,7.7
152,Hofstra,7.8,7.8,7.5,7.5,7.5,7.6,7.6,7.7,7.7,7.7,7.7,8.1,8.1,7.9,7.9,7.9,7.9,7.9,8.1,8.1,8.0,8.0,8.0,8.0,8.0,7.8,7.8,7.9,7.9,7.9,7.9,7.9,8.0,8.0,8.2,8.2,8.2,8.2,8.2,8.1,8.1,8.0,8.0,8.0,8.0,8.0,8.1,8.1,8.1,8.1,8.1,8.1,8.1,8.1,8.1,8.1,8.1,8.1,8.1
153,Murray St,7.8,7.8,7.8,7.8,7.8,7.8,8.2,8.2,8.2,8.2,8.2,8.3,8.3,8.3,8.3,8.3,8.3,8.3,8.3,8.3,8.5,8.5,8.5,8.5,8.5,8.4,8.4,8.5,8.5,8.5,8.5,8.5,8.7,8.7,8.7,8.7,8.7,8.7,8.7,8.7,8.7,8.4,8.4,8.4,8.4,8.4,8.4,8.4,8.4,8.4,8.4,8.4,8.4,8.5,8.5,8.3,8.3,8.3,8.3
154,Liberty,7.8,7.8,8.2,8.2,8.2,8.2,7.9,7.9,7.9,8.1,8.1,8.1,7.9,7.9,7.9,7.8,7.8,7.8,7.6,7.6,7.6,7.4,7.4,7.5,7.5,7.5,7.5,7.7,7.7,7.7,7.7,7.7,7.9,7.9,7.7,7.7,7.7,7.7,7.9,7.9,7.9,8.1,8.1,8.1,8.1,8.1,8.3,8.3,8.3,8.3,8.3,8.3,8.3,8.2,8.2,8.2,8.2,8.2,8.2
155,VA Military,7.8,7.8,7.8,7.8,7.7,7.7,7.7,7.7,7.7,7.7,7.7,7.7,7.7,7.5,7.5,7.4,7.4,7.4,7.7,7.7,8.1,8.1,8.1,8.1,7.8,7.8,7.8,7.9,7.9,7.8,7.8,7.8,7.7,7.7,7.7,7.7,7.7,7.7,7.7,7.6,7.6,7.6,7.6,7.6,7.6,7.6,7.7,7.7,7.6,7.6,7.6,7.6,7.6,7.6,7.6,7.6,7.5,7.5,7.5
156,Bryant,7.8,7.8,7.8,7.8,8.1,8.1,8.1,8.1,8.1,8.1,8.1,7.9,7.9,8.1,8.1,8.1,8.1,8.1,8.2,8.2,8.2,8.2,8.2,8.2,8.2,8.5,8.5,8.4,8.4,8.4,8.4,8.4,8.3,8.3,8.2,8.2,8.2,8.2,8.2,8.3,8.3,8.4,8.4,8.4,8.4,8.4,8.2,8.2,8.1,8.1,8.1,8.1,8.1,8.2,8.2,8.4,8.4,8.4,8.4
157,Weber State,7.8,7.8,7.8,7.8,8.1,8.1,8.2,8.2,8.2,8.2,8.2,7.8,7.8,7.9,7.9,7.9,7.9,7.9,8.2,8.2,8.4,8.4,8.4,8.4,8.4,8.4,8.4,8.5,8.5,8.5,8.5,8.5,8.7,8.7,8.9,8.9,8.9,8.9,8.9,8.9,8.9,8.7,8.7,8.7,8.7,8.7,8.8,8.8,8.9,8.9,8.9,8.9,8.9,9.1,9.1,9.3,9.3,9.3,9.3
158,Howard,7.8,7.8,7.8,7.9,7.9,7.9,7.9,7.9,7.9,7.9,7.9,7.9,7.9,8.1,8.1,8.4,8.4,8.4,8.4,8.4,8.3,8.3,8.4,8.4,8.4,8.4,8.4,8.5,8.5,8.5,8.5,8.5,8.5,8.5,8.5,8.5,8.5,8.5,8.5,8.4,8.4,8.4,8.4,8.3,8.3,8.3,8.3,8.3,8.1,8.1,8.0,8.0,8.0,8.0,8.0,8.0,8.0,8.1,8.1
159,Temple,7.8,7.8,7.8,7.8,7.6,7.6,7.6,7.4,7.4,7.4,7.5,7.5,7.5,7.8,7.8,7.8,7.8,7.9,7.9,7.9,7.9,7.9,7.9,7.9,7.7,7.7,7.7,7.7,7.8,7.8,7.8,7.8,7.8,7.8,7.8,8.0,8.0,8.0,8.0,8.0,8.0,8.0,8.0,8.0,8.0,8.0,8.3,8.3,8.3,8.3,8.3,8.3,8.3,8.3,8.3,8.3,8.3,8.3,8.3
160,American,7.8,7.8,7.8,7.8,7.8,7.9,7.9,7.9,7.8,7.8,7.8,8.0,8.0,8.0,8.2,8.2,8.2,8.2,8.2,8.2,7.9,7.9,7.8,7.8,7.8,7.8,7.8,7.7,7.7,7.7,7.7,7.5,7.5,7.5,7.5,7.5,7.5,7.5,7.4,7.4,7.4,7.5,7.5,7.5,7.5,7.6,7.6,7.6,7.7,7.7,7.7,7.7,7.9,7.9,7.9,7.9,7.9,7.9,8.0
161,Holy Cross,7.8,7.8,7.3,7.3,7.3,7.6,7.6,7.6,7.4,7.4,7.4,7.4,7.4,7.4,7.2,7.2,7.2,7.4,7.4,7.4,7.3,7.3,7.2,7.2,7.2,7.2,7.2,7.3,7.3,7.3,7.3,7.3,7.3,7.3,7.2,7.2,7.2,7.2,7.0,7.0,7.0,6.8,6.8,6.8,6.8,6.9,6.9,6.9,6.7,6.7,6.7,6.7,6.6,6.6,6.6,6.6,6.6,6.6,6.6
162,Radford,7.8,7.8,7.8,8.1,8.1,8.1,8.1,8.1,8.1,8.2,8.2,8.2,8.1,8.1,8.1,8.0,8.0,8.0,7.9,7.9,7.9,7.7,7.7,7.7,7.8,7.8,7.8,7.8,7.8,7.8,7.8,7.8,7.7,7.7,7.7,7.7,7.7,7.7,7.8,7.8,7.8,7.7,7.7,7.7,7.7,7.7,7.7,7.7,7.7,7.9,7.9,7.9,7.9,7.8,7.8,7.9,7.9,7.9,7.9
163,N Kentucky,7.8,7.8,7.8,7.8,7.8,7.7,7.7,7.6,7.6,7.6,7.6,7.6,7.6,7.6,7.6,7.6,7.6,7.6,7.7,7.7,7.8,7.8,7.8,7.8,7.8,7.8,7.7,7.7,7.9,7.9,7.9,7.9,8.0,8.0,8.1,8.1,8.1,8.1,8.1,8.0,8.0,8.1,8.1,8.1,8.1,8.1,8.1,8.1,8.1,8.1,8.1,8.1,8.1,8.1,8.1,8.1,8.1,8.1,8.1
164,TN State,7.7,7.7,7.7,7.7,7.6,7.6,7.5,7.5,7.5,7.5,7.5,7.5,7.5,7.6,7.6,7.6,7.6,7.6,7.8,7.8,7.6,7.6,7.6,7.6,7.6,7.7,7.7,7.4,7.4,7.4,7.4,7.4,7.3,7.3,7.4,7.4,7.4,7.4,7.4,7.4,7.4,7.3,7.3,7.3,7.3,7.3,7.5,7.5,7.4,7.4,7.4,7.4,7.4,7.3,7.3,7.2,7.2,7.2,7.2
165,Lamar,7.7,7.7,7.7,7.7,7.7,7.7,7.4,7.4,7.4,7.4,7.3,7.3,7.3,7.3,7.3,7.3,7.3,7.4,7.4,7.4,7.5,7.5,7.5,7.5,7.5,7.5,7.5,7.4,7.4,7.4,7.4,7.6,7.6,7.6,7.7,7.7,7.7,7.7,7.7,7.7,7.7,7.6,7.6,7.6,7.6,7.7,7.7,7.7,7.7,7.7,7.7,7.7,7.8,7.8,7.8,7.8,7.8,7.8,7.8
166,N Carolina,7.7,7.7,7.7,7.9,7.9,7.9,7.9,7.9,7.9,8.0,8.0,8.0,8.0,7.9,7.9,7.9,8.3,8.3,8.3,8.3,8.1,8.1,8.2,8.2,8.2,8.2,8.2,8.0,8.0,8.0,8.1,8.1,8.1,8.1,8.2,8.2,8.2,8.2,8.2,8.3,8.3,8.2,8.2,8.1,8.1,8.1,8.1,8.1,8.3,8.3,8.3,8.3,8.3,8.3,8.3,8.3,8.3,8.3,8.4
167,WI-Milwkee,7.7,7.7,7.7,7.7,7.4,7.4,7.4,7.4,7.4,7.4,7.4,7.4,7.4,7.4,7.4,7.6,7.6,7.6,7.5,7.5,7.5,7.5,7.5,7.5,7.5,7.2,7.2,7.2,7.2,7.2,7.2,7.2,7.2,7.1,7.1,7.1,7.1,7.1,7.1,7.1,7.1,7.3,7.3,7.3,7.3,7.3,7.3,7.2,7.2,7.2,7.2,7.2,7.2,7.2,7.2,7.3,7.3,7.3,7.3
168,Clemson,7.7,7.7,7.7,7.7,7.7,7.7,7.7,7.7,7.7,7.7,7.7,7.6,7.6,7.8,7.8,7.8,8.0,8.0,8.0,8.0,8.1,8.1,8.1,7.8,7.8,7.8,7.8,7.8,7.9,7.9,8.2,8.2,8.2,8.2,8.3,8.3,8.3,8.3,8.3,8.5,8.5,8.5,8.5,8.5,8.5,8.5,8.5,8.5,8.5,8.4,8.4,8.4,8.5,8.5,8.5,8.4,8.4,8.4,8.4
169,Baylor,7.7,7.7,7.2,7.2,7.2,7.2,6.9,6.9,6.9,6.9,6.9,6.9,6.9,6.8,6.8,6.9,6.9,6.9,6.9,6.9,6.8,6.8,6.7,6.7,6.7,6.7,6.7,6.5,6.5,6.5,7.0,7.0,7.0,7.0,6.7,6.7,6.7,6.7,6.7,6.7,6.7,6.8,6.8,6.6,6.6,6.6,6.6,6.6,6.5,6.5,6.5,6.4,6.4,6.4,6.4,6.2,6.2,6.2,6.1
170,Cleveland St,7.7,7.9,7.9,7.9,7.7,7.7,7.7,7.7,7.7,7.7,8.1,8.1,8.1,8.1,8.1,8.1,8.1,8.1,7.9,7.9,8.0,8.0,8.0,8.0,8.0,7.8,7.8,7.7,7.7,7.7,7.7,7.7,8.0,8.0,7.9,7.9,7.9,7.9,7.9,7.9,7.9,8.0,8.0,8.0,8.0,8.1,8.1,8.2,8.2,8.2,8.3,8.3,8.3,8.3,8.3,8.4,8.4,8.4,8.4
171,LA Tech,7.6,7.6,7.6,7.6,7.6,7.6,7.7,7.7,7.7,7.7,7.7,7.6,7.6,7.5,7.5,7.5,7.5,7.5,7.6,7.6,7.7,7.7,7.7,7.7,7.7,7.7,7.7,8.1,8.1,8.1,8.1,8.1,8.0,8.0,7.9,7.9,7.9,7.9,7.9,8.1,8.1,8.3,8.3,8.3,8.3,8.3,8.4,8.4,8.6,8.6,8.6,8.6,8.6,8.6,8.6,8.5,8.5,8.5,8.5
172,Utah Val St,7.6,7.6,7.6,7.6,7.6,7.6,7.7,7.7,7.7,7.7,7.7,8.1,8.1,8.1,8.1,8.1,8.1,8.1,8.2,8.2,8.2,8.2,8.2,8.2,8.2,8.2,8.2,8.1,8.1,8.1,8.1,8.1,8.1,8.1,7.8,7.8,7.8,7.8,7.8,8.0,8.0,7.9,7.9,7.9,7.9,7.9,8.0,8.0,8.0,8.0,8.0,8.0,8.0,8.1,8.1,7.9,7.9,7.9,7.9
173,Montana St,7.6,7.6,7.6,7.6,7.7,7.7,7.8,7.8,7.8,7.8,7.8,7.8,7.8,7.6,7.6,7.6,7.6,7.6,7.6,7.6,7.3,7.3,7.3,7.3,7.3,7.4,7.4,7.5,7.5,7.5,7.5,7.5,7.3,7.3,7.2,7.2,7.2,7.2,7.2,7.2,7.2,7.1,7.1,7.1,7.1,7.1,7.2,7.2,7.4,7.4,7.4,7.4,7.4,7.4,7.4,7.4,7.4,7.4,7.4
174,LIU-Brooklyn,7.6,7.6,7.6,7.6,7.8,7.8,7.8,7.8,7.8,7.8,7.8,7.7,7.7,7.7,7.7,7.7,7.7,7.7,7.8,7.8,7.8,7.8,7.8,7.8,7.8,7.9,7.9,8.1,8.1,8.1,8.1,8.1,8.0,8.0,8.2,8.2,8.2,8.2,8.2,8.2,8.2,8.2,8.2,8.2,8.2,8.2,8.0,8.0,8.0,8.0,8.0,8.0,8.0,8.0,8.0,8.0,8.0,8.0,8.0
175,Brown,7.5,7.5,7.5,7.2,7.2,7.2,7.2,7.2,7.2,7.2,7.2,7.2,7.3,7.3,7.3,7.3,7.3,7.3,7.3,7.3,7.3,7.3,7.3,7.3,7.3,7.3,7.1,7.1,7.1,7.1,7.1,7.1,7.1,7.1,7.4,7.4,7.4,7.4,7.4,7.4,7.3,7.2,7.2,7.2,7.2,7.2,7.2,7.2,7.0,7.0,7.0,7.0,7.0,7.0,7.1,7.0,7.0,7.0,7.0
176,Col Charlestn,7.5,7.5,7.7,7.7,7.7,7.5,7.5,7.3,7.3,7.3,7.3,7.3,7.3,7.2,7.2,7.2,7.2,7.2,7.4,7.4,7.2,7.2,7.2,7.2,7.2,7.2,7.2,7.2,7.2,7.2,7.2,7.2,6.9,6.9,7.0,7.0,7.0,7.0,7.0,7.0,7.0,7.0,7.0,7.0,7.0,7.0,7.0,7.0,7.0,7.0,7.0,7.0,7.0,7.3,7.3,7.5,7.5,7.5,7.5
177,North Texas,7.5,7.5,7.5,7.5,7.4,7.4,7.4,7.4,7.4,7.4,7.4,7.4,7.4,8.0,8.0,8.0,8.0,8.0,8.1,8.1,8.0,8.0,8.0,8.0,8.0,7.7,7.7,7.7,7.7,7.7,7.7,7.7,7.7,7.7,7.6,7.6,7.6,7.6,7.6,7.5,7.5,7.6,7.6,7.6,7.6,7.6,7.8,7.8,7.8,7.8,7.8,7.8,7.8,7.8,7.8,7.7,7.7,7.7,7.7
178,Louisville,7.5,7.5,7.4,7.4,7.4,7.4,7.1,7.1,7.1,7.1,7.2,7.2,7.2,7.5,7.5,7.5,7.5,7.5,7.5,7.5,7.5,7.5,7.5,7.5,7.4,7.4,7.4,7.5,7.5,7.5,7.5,7.5,7.5,7.5,7.6,7.6,7.5,7.5,7.5,7.7,7.7,7.7,7.8,7.8,7.8,7.8,7.8,7.8,7.7,7.7,7.7,7.7,7.6,7.6,7.6,7.8,7.8,7.8,7.8
179,Coppin State,7.5,7.5,7.5,7.7,7.7,7.7,8.0,8.0,7.8,7.8,7.8,7.8,7.8,7.8,7.8,7.8,7.8,7.8,7.8,7.8,7.8,7.8,7.8,7.8,7.8,7.8,7.8,7.9,7.9,7.9,7.9,8.0,8.0,8.0,8.0,8.0,8.2,8.2,8.2,8.2,8.2,8.2,8.2,8.3,8.3,8.3,8.3,8.3,8.5,8.5,8.4,8.4,8.4,8.4,8.4,8.4,8.4,8.4,8.4
180,Xavier,7.5,7.5,7.6,7.6,7.6,7.6,7.4,7.4,7.4,7.4,7.2,7.2,7.2,7.4,7.4,7.4,7.4,7.7,7.7,7.7,7.8,7.8,7.8,7.8,7.7,7.7,7.7,7.7,7.7,7.7,7.7,7.7,7.7,7.7,7.9,7.9,7.9,8.0,8.0,8.0,8.0,7.8,7.8,7.8,7.8,8.0,8.0,8.0,7.9,7.9,7.9,7.9,8.0,8.0,8.0,8.0,8.0,8.0,8.0
181,St Fran (NY),7.5,7.5,7.5,7.5,7.7,7.7,7.9,7.9,7.9,7.9,7.9,8.5,8.5,8.1,8.1,8.1,8.1,8.1,8.4,8.4,8.6,8.6,8.6,8.6,8.6,8.6,8.6,8.8,8.8,8.8,8.8,8.8,9.0,9.0,8.8,8.8,8.8,8.8,8.8,9.1,9.1,9.0,9.0,9.0,9.0,9.0,9.1,9.1,9.1,9.1,9.1,9.1,9.1,8.9,8.9,8.9,8.9,8.9,8.9
182,SIU Edward,7.5,7.5,7.5,7.5,7.6,7.6,7.6,7.6,7.6,7.6,7.6,7.5,7.5,7.6,7.6,7.6,7.6,7.6,7.7,7.7,7.9,7.9,7.9,7.9,7.9,7.8,7.8,7.8,7.8,7.8,7.8,7.8,7.6,7.6,7.6,7.6,7.6,7.6,7.6,7.5,7.5,7.4,7.4,7.4,7.4,7.4,7.3,7.3,7.3,7.3,7.3,7.3,7.3,7.3,7.3,7.2,7.2,7.2,7.2
183,La Salle,7.4,7.4,7.4,7.2,7.2,7.2,7.3,7.3,7.3,7.3,7.2,7.2,7.2,7.2,7.2,7.2,7.2,7.2,7.2,7.2,7.3,7.3,7.3,7.3,7.3,7.3,7.3,7.3,7.3,7.3,7.3,7.3,7.3,7.3,7.5,7.5,7.5,7.5,7.5,7.5,7.5,7.4,7.4,7.4,7.6,7.6,7.6,7.6,7.5,7.5,7.5,7.4,7.4,7.4,7.4,7.4,7.4,7.4,7.4
184,Monmouth,7.4,7.4,7.4,7.4,7.4,7.2,7.2,7.2,7.2,7.2,7.2,7.2,7.1,7.1,7.1,7.1,7.1,7.1,7.1,7.2,7.2,7.2,7.2,7.2,7.2,7.0,7.0,7.2,7.2,7.0,7.0,7.0,7.0,7.0,7.0,7.2,7.2,7.2,7.2,7.1,7.1,7.1,7.1,7.1,7.2,7.2,7.2,7.2,7.2,7.2,7.2,7.2,7.2,7.3,7.3,7.3,7.3,7.3,7.3
185,Bradley,7.4,7.4,7.4,7.2,7.2,7.2,6.9,6.9,6.9,6.8,6.8,6.8,6.8,6.9,6.9,6.9,6.9,6.8,6.8,6.8,7.0,7.0,7.0,6.9,6.9,6.9,6.9,6.9,7.1,7.1,7.1,7.0,7.0,7.0,7.0,7.0,7.0,7.0,6.8,6.8,6.8,6.8,6.8,6.8,6.8,6.7,6.7,6.7,6.6,6.6,6.6,6.6,6.7,6.7,6.7,6.6,6.6,6.6,6.6
186,UAB,7.4,7.4,7.4,7.4,7.4,7.4,7.2,7.2,7.2,7.2,7.2,7.3,7.3,7.2,7.2,7.2,7.2,7.2,7.2,7.2,7.2,7.2,7.2,7.2,7.2,7.2,7.2,7.0,7.0,7.0,7.0,7.0,6.9,6.9,6.8,6.8,6.8,6.8,6.8,6.7,6.7,6.6,6.6,6.6,6.6,6.6,6.6,6.6,6.7,6.7,6.7,6.7,6.7,6.7,6.7,6.5,6.5,6.5,6.5
187,Idaho State,7.4,7.4,7.4,7.4,7.8,7.8,7.8,7.8,7.8,7.8,7.8,7.7,7.7,7.6,7.6,7.6,7.6,7.6,7.7,7.7,7.5,7.5,7.5,7.5,7.5,7.5,7.5,7.7,7.7,7.7,7.7,7.7,7.8,7.8,7.6,7.6,7.6,7.6,7.6,7.4,7.4,7.6,7.6,7.6,7.6,7.6,7.8,7.8,8.0,8.0,8.0,8.0,8.0,8.3,8.3,8.4,8.4,8.4,8.4
188,Providence,7.4,7.4,7.4,7.1,7.1,7.1,7.2,7.2,7.2,7.2,7.2,7.2,7.2,7.2,7.2,7.1,7.1,7.1,7.1,7.1,7.0,7.0,7.0,7.0,7.0,7.0,7.0,7.0,7.0,7.0,7.0,6.8,6.8,6.8,6.7,6.7,6.7,6.6,6.6,6.6,6.6,6.4,6.4,6.4,6.4,6.5,6.5,6.5,6.5,6.5,6.5,6.5,6.5,6.7,6.7,6.8,6.8,6.8,6.8
189,Arkansas St,7.4,7.4,7.4,7.4,7.1,7.1,7.3,7.3,7.3,7.3,7.3,7.2,7.2,7.0,7.0,7.0,7.0,7.0,7.0,7.0,7.3,7.3,7.3,7.3,7.3,7.4,7.4,7.5,7.5,7.5,7.5,7.5,7.3,7.3,7.3,7.3,7.3,7.3,7.3,7.3,7.3,7.2,7.2,7.2,7.2,7.2,7.2,7.2,7.3,7.3,7.3,7.3,7.3,7.3,7.3,7.4,7.4,7.4,7.4
190,Virginia,7.4,7.4,7.4,7.7,7.7,7.7,7.7,7.7,7.7,7.8,7.8,7.8,7.8,7.8,7.8,7.8,7.8,7.8,7.6,7.6,7.6,7.5,7.5,7.5,7.5,7.5,7.5,7.4,7.4,7.4,7.4,7.5,7.5,7.5,7.5,7.5,7.5,7.5,7.5,7.5,7.5,7.6,7.6,7.6,7.5,7.5,7.5,7.5,7.5,7.5,7.5,7.5,7.5,7.5,7.5,7.5,7.5,7.5,7.5
191,Gard-Webb,7.4,7.4,7.4,7.4,7.4,7.4,7.4,7.4,7.4,7.3,7.3,7.3,7.2,7.2,7.2,7.2,7.2,7.2,7.0,7.0,7.0,7.2,7.2,7.2,7.1,7.1,7.1,6.9,6.9,6.9,6.9,6.9,6.8,6.8,6.8,6.8,6.8,6.8,6.8,6.8,6.8,6.9,6.9,6.9,6.9,6.9,6.8,6.8,6.8,6.7,6.7,6.7,6.7,6.7,6.7,6.8,6.8,6.8,6.8
192,Arizona,7.4,7.4,7.4,7.4,7.1,7.1,7.1,7.1,7.1,7.1,7.1,7.1,7.1,7.0,7.0,7.0,7.0,7.2,7.2,7.2,7.2,7.2,7.2,7.2,7.2,7.2,7.2,7.3,7.3,7.3,7.3,7.4,7.4,7.4,7.2,7.2,7.2,7.2,7.2,7.2,7.2,7.3,7.3,7.3,7.3,7.3,7.3,7.3,7.3,7.3,7.3,7.3,7.3,7.2,7.2,7.2,7.2,7.2,7.2
193,S Carolina,7.3,7.3,7.3,7.2,7.2,7.2,6.9,6.9,6.9,6.8,6.8,6.8,6.8,6.8,6.8,6.8,6.6,6.6,6.6,6.6,6.8,6.8,6.8,6.8,7.1,7.1,7.1,7.0,7.0,7.0,7.0,7.0,7.0,7.0,7.0,7.0,7.0,6.9,6.9,6.9,6.9,6.7,6.7,6.7,6.7,6.7,6.7,6.7,6.7,6.7,6.7,6.7,6.9,6.9,6.9,6.8,6.8,6.8,6.8
194,E Tenn St,7.3,7.3,7.3,7.3,7.6,7.6,7.6,7.6,7.6,7.6,7.6,7.3,7.3,7.4,7.4,7.4,7.4,7.4,7.5,7.5,7.3,7.3,7.3,7.3,7.6,7.6,7.6,7.7,7.7,7.4,7.4,7.4,7.7,7.7,7.7,7.7,7.7,7.7,7.7,7.7,7.7,7.7,7.7,7.6,7.6,7.6,7.6,7.6,7.6,7.6,7.6,7.6,7.6,7.6,7.6,7.6,7.6,7.6,7.6
195,Penn State,7.3,7.3,7.4,7.4,7.4,7.2,7.2,7.2,7.2,7.1,7.1,7.1,7.1,7.1,7.1,7.1,7.1,7.1,7.1,7.1,7.1,7.1,7.1,7.1,7.1,7.3,7.3,7.2,7.2,7.2,7.2,7.2,7.2,7.2,7.1,7.1,7.1,7.1,7.2,7.2,7.2,7.2,7.1,7.1,7.1,7.1,7.2,7.2,7.2,7.3,7.3,7.3,7.3,7.3,7.3,7.3,7.2,7.2,7.2
196,St Johns,7.3,7.3,7.3,7.4,7.4,7.4,7.5,7.5,7.5,7.3,7.3,7.3,7.3,6.9,6.9,6.9,6.9,7.2,7.2,7.2,7.3,7.3,7.3,7.2,7.2,7.2,7.2,7.0,7.0,7.0,7.1,7.1,7.1,7.1,7.1,7.1,7.1,7.1,7.1,7.1,7.1,7.1,7.1,7.1,7.1,7.3,7.3,7.3,7.3,7.3,7.3,7.3,7.4,7.4,7.4,7.4,7.4,7.4,7.4
197,Miami (FL),7.3,7.3,7.3,7.1,7.1,7.1,7.1,6.9,6.9,6.9,6.9,6.9,6.9,6.9,6.9,7.0,7.0,7.0,7.0,7.0,7.0,7.2,7.2,7.2,7.1,7.1,7.1,7.6,7.6,7.6,7.6,7.5,7.5,7.5,7.6,7.6,7.6,7.6,7.7,7.7,7.7,7.8,7.8,7.8,7.7,7.7,7.7,7.7,7.7,7.7,7.7,7.7,7.7,7.7,7.7,7.7,7.7,7.7,7.8
198,TN Tech,7.3,7.3,7.3,7.3,7.5,7.5,7.9,7.9,7.9,7.9,7.9,7.8,7.8,7.4,7.4,7.4,7.4,7.4,7.4,7.4,7.4,7.4,7.4,7.4,7.4,7.4,7.4,7.3,7.3,7.3,7.3,7.3,7.3,7.3,7.5,7.5,7.5,7.5,7.5,7.5,7.5,7.4,7.4,7.4,7.4,7.4,7.5,7.5,7.3,7.3,7.3,7.3,7.3,7.4,7.4,7.4,7.4,7.4,7.4
199,LA Lafayette,7.3,7.3,7.3,7.3,7.4,7.4,7.5,7.5,7.5,7.5,7.5,7.5,7.5,7.9,7.9,7.9,7.9,7.9,7.9,7.9,8.2,8.2,8.2,8.2,8.2,8.4,8.4,8.4,8.4,8.4,8.4,8.4,8.4,8.4,8.5,8.5,8.5,8.5,8.5,8.6,8.6,8.6,8.6,8.6,8.6,8.6,8.4,8.4,8.6,8.6,8.6,8.6,8.6,8.5,8.5,8.4,8.4,8.4,8.4
200,James Mad,7.3,7.3,7.4,7.4,7.4,7.7,7.7,7.6,7.6,7.6,7.6,7.6,7.6,7.4,7.4,7.4,7.4,7.4,7.6,7.6,7.5,7.5,7.5,7.5,7.5,7.5,7.5,7.5,7.5,7.5,7.5,7.5,7.3,7.3,7.2,7.2,7.2,7.2,7.2,7.2,7.2,7.2,7.2,7.2,7.1,7.1,7.1,7.1,7.1,7.1,7.1,7.1,7.1,7.1,7.1,7.1,7.1,7.3,7.3
201,GA Southern,7.3,7.3,7.3,7.3,7.4,7.4,7.6,7.6,7.6,7.6,7.6,7.8,7.8,7.6,7.6,7.6,7.6,7.6,7.6,7.6,7.8,7.8,7.8,7.8,7.8,7.5,7.5,7.5,7.5,7.5,7.5,7.5,7.4,7.4,7.3,7.3,7.3,7.3,7.3,7.5,7.5,7.7,7.7,7.7,7.7,7.7,7.7,7.8,7.8,7.8,7.8,7.8,7.8,7.8,7.8,7.9,7.9,7.9,7.9
202,Mass Lowell,7.2,7.2,7.2,7.2,7.1,7.1,7.1,7.1,7.1,7.1,7.2,7.2,7.2,7.3,7.3,6.9,6.9,6.9,6.9,6.9,6.9,7.0,7.0,7.0,7.0,7.0,7.0,7.0,7.0,7.0,7.0,7.1,7.1,7.1,7.1,7.1,7.1,7.1,7.1,7.0,7.0,7.0,7.0,7.0,7.0,7.0,7.0,7.0,7.0,7.0,7.0,7.0,7.1,7.1,7.1,7.0,7.0,7.0,7.1
203,Beth-Cook,7.2,7.2,7.2,7.2,7.2,7.2,7.4,7.4,7.5,7.5,7.5,7.5,7.5,7.5,7.5,7.4,7.4,7.4,7.4,7.4,7.5,7.5,7.5,7.5,7.5,7.5,7.5,7.3,7.3,7.0,7.0,7.0,7.0,7.0,7.4,7.4,7.3,7.3,7.3,7.3,7.3,7.3,7.3,7.4,7.4,7.4,7.4,7.4,7.4,7.4,7.5,7.5,7.5,7.5,7.5,7.8,7.8,7.6,7.6
204,Norfolk St,7.2,7.2,7.2,7.5,7.5,7.5,7.5,7.5,7.5,7.5,7.5,7.5,7.5,7.5,7.5,7.5,7.5,7.5,7.6,7.6,7.8,7.8,7.9,7.9,7.9,7.9,7.9,7.8,7.8,7.7,7.7,7.7,7.7,7.7,7.8,7.8,7.9,7.9,7.9,7.9,7.9,7.6,7.6,7.9,7.9,7.9,7.9,7.9,7.8,7.8,7.9,7.9,7.9,7.9,7.9,7.8,7.8,7.7,7.7
205,Fresno St,7.2,7.2,7.2,7.2,7.2,7.2,7.3,7.3,7.3,7.1,7.1,7.1,7.1,7.2,7.2,7.2,7.2,7.1,7.1,7.1,7.1,7.1,7.1,6.9,6.9,6.9,6.9,6.9,6.9,6.9,6.9,7.1,7.1,7.1,7.0,7.0,7.0,6.9,6.9,6.9,6.9,6.9,6.9,6.9,6.9,7.1,7.1,7.1,7.0,7.0,7.0,7.0,6.8,6.8,6.8,6.9,6.9,6.8,6.8
206,Texas Tech,7.2,7.2,7.1,7.1,7.1,7.1,7.1,7.1,7.1,7.0,7.0,7.0,7.0,6.8,6.8,6.8,6.8,6.8,6.8,6.8,6.8,6.8,6.8,7.0,7.0,7.0,7.0,7.0,7.0,7.0,7.0,6.9,6.9,6.9,7.0,7.0,7.0,7.0,6.8,6.8,6.8,6.8,6.8,6.8,7.0,7.0,7.0,7.0,6.8,6.8,6.8,6.8,6.9,6.9,6.9,6.9,6.9,7.0,7.0
207,Seton Hall,7.2,7.2,7.2,7.2,7.2,7.2,7.4,7.4,7.4,7.2,7.2,7.2,7.2,7.1,7.1,7.1,7.1,7.2,7.2,7.2,7.0,7.0,7.0,7.0,7.0,7.0,7.0,7.0,7.0,7.0,7.0,7.1,7.1,7.1,7.1,7.1,7.1,7.1,7.3,7.3,7.3,7.4,7.4,7.4,7.4,7.5,7.5,7.5,7.5,7.5,7.5,7.5,7.5,7.5,7.5,7.4,7.4,7.4,7.4
208,Jackson St,7.2,7.5,7.5,7.4,7.4,7.4,7.2,7.2,7.4,7.4,7.4,7.4,7.4,7.4,7.4,7.8,7.8,7.8,7.8,7.8,7.6,7.6,7.6,7.6,7.6,7.6,7.6,7.7,7.7,7.8,7.8,7.8,7.8,7.8,7.9,7.9,7.8,7.8,7.8,7.8,7.8,7.8,7.8,7.8,7.8,7.8,7.8,7.8,7.9,7.9,7.9,7.9,7.9,7.9,7.9,7.8,7.8,7.7,7.7
209,Alabama St,7.2,6.8,6.8,6.9,6.9,6.9,6.7,6.7,6.7,6.7,6.7,6.7,6.7,6.9,6.9,6.9,6.9,6.9,6.9,6.9,7.0,7.0,7.2,7.2,7.2,7.2,7.2,7.0,7.0,7.0,7.0,7.0,7.0,7.0,7.2,7.2,7.0,7.0,7.0,7.0,7.0,6.9,6.9,6.9,6.9,6.9,6.9,6.9,6.8,6.8,6.7,6.7,6.7,6.7,6.7,6.6,6.6,6.6,6.6
210,San Diego St,7.2,7.2,7.3,7.3,7.3,7.3,7.3,7.3,7.3,7.4,7.4,7.4,7.4,7.4,7.4,7.4,7.4,7.1,7.1,7.1,7.2,7.2,7.2,7.2,7.5,7.5,7.5,7.6,7.6,7.6,7.6,7.6,7.6,7.6,7.8,7.8,7.8,7.6,7.6,7.6,7.6,7.7,7.7,7.7,7.7,7.7,7.7,7.7,7.8,7.8,7.8,7.8,7.8,7.8,7.8,7.9,7.9,7.9,7.7
211,Drexel,7.2,7.2,7.1,7.1,7.1,6.9,6.9,6.7,6.7,6.7,6.7,6.6,6.6,6.6,6.6,6.6,6.6,6.6,6.5,6.5,6.5,6.5,6.5,6.5,6.5,6.8,6.8,6.6,6.6,6.6,6.6,6.6,6.7,6.7,6.9,6.9,6.9,6.9,6.9,6.9,6.9,6.9,6.9,6.9,6.9,6.9,6.8,6.8,6.8,6.8,6.8,6.8,6.8,6.9,6.9,6.9,6.9,6.9,6.9
212,Rob Morris,7.1,7.1,7.1,7.1,7.0,7.0,7.1,7.1,7.1,7.1,7.1,7.2,7.2,7.2,7.2,7.2,7.2,7.2,7.2,7.2,7.0,7.0,7.0,7.0,7.0,7.0,6.9,6.9,7.1,7.1,7.1,7.1,7.0,7.0,7.0,7.0,7.0,7.0,7.0,6.8,6.8,7.0,7.0,7.0,7.0,7.0,7.1,7.1,7.0,7.0,7.0,7.0,7.0,7.0,7.0,7.1,7.1,7.1,7.1
213,Charl South,7.1,7.1,7.2,7.2,7.2,7.2,6.9,6.9,6.9,6.7,6.7,6.7,6.6,6.6,6.6,6.7,6.7,6.7,6.5,6.5,6.5,6.8,6.8,6.8,6.5,6.5,6.5,6.7,6.7,6.7,6.7,6.7,6.8,6.8,6.7,6.7,6.7,6.7,7.0,7.0,7.0,7.0,7.0,7.0,7.0,7.0,6.8,6.8,6.8,6.8,6.8,6.8,6.8,6.7,6.7,6.7,6.7,6.7,6.7
214,Sam Hous St,7.1,7.1,7.1,7.1,7.1,7.1,6.9,6.9,6.9,6.9,7.0,7.0,7.0,7.4,7.4,7.4,7.4,7.3,7.3,7.3,7.4,7.4,7.4,7.4,7.2,7.2,7.2,7.0,7.0,7.0,6.9,6.9,6.9,6.9,6.9,6.9,6.9,6.9,7.1,7.1,7.1,6.9,6.9,6.9,6.9,6.9,6.9,6.9,6.9,6.9,6.9,6.9,6.8,6.8,6.8,6.8,6.8,6.8,6.8
215,IUPUI,7.1,7.1,7.1,7.1,6.8,6.8,6.8,6.8,6.8,6.8,7.4,7.4,7.3,7.3,7.3,7.3,7.5,7.5,7.4,7.4,7.4,7.4,7.4,7.4,7.4,7.4,7.4,7.4,7.4,7.4,7.4,7.4,7.4,7.5,7.5,7.5,7.5,7.5,7.5,7.3,7.3,7.3,7.3,7.3,7.3,7.3,7.3,7.2,7.2,7.2,7.2,7.2,7.2,7.2,7.2,7.2,7.2,7.2,7.2
216,Lipscomb,7.1,7.1,7.1,7.1,7.1,7.1,7.5,7.5,7.5,7.5,7.5,7.5,7.5,7.3,7.3,7.3,7.3,7.3,7.5,7.5,7.6,7.6,7.6,7.6,7.4,7.4,7.4,7.3,7.3,7.3,7.3,7.3,7.3,7.3,7.3,7.3,7.3,7.3,7.3,7.4,7.4,7.3,7.3,7.3,7.3,7.3,7.3,7.3,7.3,7.3,7.3,7.3,7.3,7.3,7.3,7.3,7.3,7.6,7.6
217,Coastal Car,7.1,7.1,7.1,7.1,7.3,7.3,7.4,7.4,7.4,7.4,7.4,7.0,7.0,7.0,7.0,7.0,7.0,7.0,6.8,6.8,6.9,6.9,6.9,6.9,6.9,6.7,6.7,6.7,6.7,6.7,6.7,6.7,6.7,6.7,6.8,6.8,6.8,6.8,6.8,6.8,6.8,6.8,6.8,6.8,6.8,6.8,6.7,6.7,6.6,6.6,6.6,6.6,6.6,6.7,6.7,6.8,6.8,6.8,6.8
218,Fordham,7.1,7.1,7.1,6.9,6.9,6.9,6.9,6.9,6.9,6.9,7.1,7.1,7.1,7.1,7.2,7.2,7.2,7.2,7.2,7.2,7.2,7.2,7.2,7.2,7.0,7.0,7.0,7.2,7.2,7.2,7.2,7.2,7.2,7.2,7.1,7.1,7.1,7.1,7.4,7.4,7.4,7.4,7.4,7.4,7.4,7.4,7.4,7.4,7.5,7.5,7.5,7.5,7.5,7.5,7.5,7.5,7.5,7.5,7.5
219,Loyola-Chi,7.1,7.1,7.1,7.1,7.1,7.1,7.1,7.3,7.3,7.3,7.2,7.2,7.2,7.1,7.1,7.1,7.1,7.0,7.0,7.0,7.0,6.9,6.9,6.9,7.0,7.0,7.0,7.0,7.0,7.0,7.0,7.1,7.1,7.1,7.2,7.2,7.2,7.2,7.2,7.2,7.2,7.3,7.3,7.3,7.3,7.2,7.2,7.2,7.2,7.3,7.3,7.3,7.4,7.4,7.4,7.3,7.3,7.3,7.3
220,TN Martin,7.1,7.1,7.1,7.1,7.1,7.1,7.0,7.0,7.0,7.0,7.0,7.1,7.1,7.1,7.1,7.1,7.1,7.1,6.9,6.9,6.8,6.8,6.8,6.8,6.8,6.8,6.8,6.7,6.7,6.7,6.7,6.7,6.6,6.6,6.6,6.6,6.6,6.6,6.6,6.6,6.6,6.6,6.6,6.6,6.6,6.6,6.7,6.7,6.6,6.6,6.6,6.6,6.6,6.6,6.6,6.6,6.6,6.6,6.6
221,Siena,7.1,7.3,7.3,7.3,7.3,7.3,7.3,7.1,7.1,7.1,7.1,7.2,7.2,6.9,6.9,6.9,6.9,6.9,7.0,7.0,7.0,7.2,7.2,7.2,7.2,7.3,7.3,7.3,7.3,7.2,7.2,7.2,7.2,7.1,7.1,7.1,7.0,7.0,7.0,6.8,6.8,6.8,6.8,6.9,6.9,6.9,7.0,7.0,7.0,7.1,7.1,7.1,7.0,7.0,7.0,7.0,7.0,7.0,7.0
222,Ohio State,7.1,7.1,7.1,7.1,7.1,7.1,7.1,7.1,7.1,7.1,7.1,7.6,7.6,7.6,7.6,7.6,7.6,7.5,7.5,7.5,7.3,7.3,7.1,7.1,7.1,7.1,7.1,7.1,7.1,7.1,7.0,7.0,7.0,7.0,7.0,6.8,6.8,6.8,6.8,6.8,6.8,6.9,6.9,6.9,6.9,6.9,6.7,6.7,6.7,6.7,6.7,6.7,6.7,6.7,6.7,6.7,6.7,6.7,6.7
223,Stetson,7.0,7.0,7.0,7.0,7.0,7.0,7.0,7.0,7.0,7.0,7.0,7.1,7.1,7.5,7.5,7.4,7.4,7.4,7.2,7.2,7.4,7.4,7.4,7.4,7.5,7.5,7.5,7.3,7.3,7.2,7.2,7.2,7.2,7.2,7.3,7.3,7.3,7.3,7.3,7.2,7.2,7.3,7.3,7.3,7.3,7.3,7.4,7.4,7.3,7.3,7.3,7.3,7.3,7.3,7.3,7.3,7.3,7.3,7.3
224,Illinois,7.0,7.0,7.0,7.0,7.0,7.0,6.8,6.8,6.8,6.8,6.8,7.2,7.2,7.2,7.2,6.9,6.9,6.9,6.9,6.6,6.6,6.6,6.7,6.7,6.6,6.6,6.6,6.6,6.6,6.6,6.8,6.8,6.8,6.8,6.8,6.9,6.9,6.9,6.9,7.0,7.0,7.0,6.9,6.9,6.9,6.8,6.8,6.8,6.8,6.9,6.9,6.8,6.8,7.0,7.0,7.0,7.1,7.1,7.1
225,NC-Wilmgton,7.0,7.0,7.0,7.0,7.0,7.0,7.0,6.9,6.9,6.9,6.9,7.2,7.2,7.1,7.1,7.1,7.1,7.1,7.3,7.3,7.2,7.2,7.2,7.2,7.2,7.1,7.1,7.3,7.3,7.3,7.3,7.3,7.4,7.4,7.6,7.6,7.6,7.6,7.6,7.6,7.6,7.6,7.6,7.6,7.4,7.4,7.7,7.7,7.6,7.6,7.6,7.6,7.6,7.7,7.7,7.6,7.6,7.6,7.6
226,Wisconsin,7.0,7.0,7.0,7.0,7.0,6.7,6.7,6.7,6.7,6.6,6.6,6.6,6.6,6.6,6.6,6.6,6.6,6.6,6.6,6.6,6.6,6.6,6.6,6.5,6.5,6.5,6.4,6.4,6.4,6.4,6.4,6.4,6.5,6.5,6.5,6.5,6.5,6.5,6.5,6.5,6.5,6.5,6.6,6.6,6.6,6.6,6.5,6.5,6.5,6.5,6.7,6.7,6.7,6.7,6.7,6.7,6.7,6.7,6.7
227,Alcorn State,7.0,7.0,7.0,7.2,7.2,7.2,7.0,7.0,7.0,7.0,7.0,7.0,7.0,7.4,7.4,7.3,7.3,7.3,7.3,7.3,7.2,7.2,7.2,7.2,7.2,7.2,7.2,7.1,7.1,7.1,7.1,7.1,7.1,7.1,6.9,6.9,7.1,7.1,7.1,7.1,7.1,7.4,7.4,7.6,7.6,7.6,7.6,7.6,7.5,7.5,7.3,7.3,7.3,7.3,7.3,7.3,7.3,7.3,7.3
228,Prairie View,7.0,6.9,6.9,7.2,7.2,7.2,7.6,7.6,7.6,7.6,7.6,7.6,7.6,7.4,7.4,7.1,7.1,7.1,7.1,7.1,7.1,7.1,7.3,7.3,7.3,7.3,7.3,7.4,7.4,7.4,7.4,7.4,7.4,7.4,7.5,7.5,7.5,7.5,7.5,7.5,7.5,7.5,7.5,7.3,7.3,7.3,7.3,7.3,7.3,7.3,7.3,7.3,7.3,7.3,7.3,7.2,7.2,7.1,7.1
229,Abl Christian,7.0,7.0,7.0,6.9,6.9,6.9,6.8,6.8,6.8,6.8,6.7,6.7,6.7,6.8,6.8,6.8,6.8,6.8,6.8,6.8,6.9,6.9,6.9,6.9,6.9,6.9,6.9,6.9,6.9,6.9,6.9,6.9,6.9,6.9,7.0,7.0,7.0,7.0,6.8,6.8,6.8,6.9,6.9,6.9,6.9,6.9,6.9,6.9,6.7,6.7,6.7,6.7,6.7,6.6,6.6,6.5,6.5,6.5,6.5
230,Maine,7.0,7.0,7.0,7.1,7.1,7.1,7.1,7.1,7.1,7.1,7.1,7.1,7.1,7.1,7.1,7.1,7.1,7.1,7.0,7.0,7.0,7.0,7.0,7.0,7.0,7.0,7.0,7.0,7.0,7.0,7.0,6.7,6.7,6.7,6.9,6.9,6.9,6.9,6.9,6.8,6.8,6.8,6.8,6.8,6.8,6.8,6.7,6.7,6.7,6.7,6.7,6.7,6.8,6.8,6.8,6.8,6.8,6.8,6.7
231,Texas A&M,7.0,7.0,7.1,7.1,7.1,7.1,6.9,6.9,6.9,6.9,6.9,6.9,6.9,7.0,7.0,7.0,6.9,6.9,6.9,6.9,6.7,6.7,6.7,6.7,6.7,6.7,6.7,6.6,6.6,6.6,6.7,6.7,6.7,6.7,6.7,6.7,6.7,6.7,6.8,6.8,6.8,6.9,6.9,6.9,6.8,6.8,6.8,6.8,6.7,6.7,6.7,6.7,6.7,6.7,6.7,6.7,6.7,6.7,6.7
232,Colorado,7.0,7.0,7.0,7.0,7.2,7.2,7.2,7.2,7.2,7.2,7.4,7.4,7.4,7.6,7.6,7.6,7.6,7.6,7.6,7.6,7.5,7.5,7.5,7.5,7.5,7.6,7.6,7.5,7.5,7.5,7.5,7.5,7.5,7.6,7.6,7.6,7.6,7.6,7.5,7.5,7.5,7.5,7.6,7.6,7.6,7.6,7.4,7.4,7.3,7.3,7.3,7.3,7.4,7.4,7.4,7.4,7.6,7.6,7.6
233,Tulsa,7.0,7.0,7.0,7.7,7.7,7.7,7.8,7.8,7.8,7.8,7.8,7.6,7.6,7.8,7.8,7.8,7.8,7.8,7.8,7.8,7.8,7.8,7.8,7.8,7.8,7.8,7.8,7.8,7.9,7.9,7.9,7.9,7.9,7.9,7.9,7.9,7.9,7.9,7.9,7.8,7.8,7.8,7.8,7.8,7.8,7.8,8.0,8.0,8.0,8.0,8.0,8.0,8.0,8.0,8.0,8.0,8.2,8.2,8.2
234,BYU,6.9,6.9,6.9,6.9,6.8,6.8,6.8,6.8,6.8,6.8,6.8,6.9,6.9,6.9,6.9,6.9,6.9,6.9,7.0,7.0,7.0,7.0,7.0,7.0,7.0,7.0,7.0,7.0,7.0,7.0,7.0,7.0,7.0,7.0,6.8,6.8,6.8,6.8,6.8,6.8,6.8,6.8,6.8,6.8,6.8,6.8,6.8,6.8,6.6,6.6,6.6,6.6,6.6,6.6,6.6,6.6,6.6,6.6,6.6
235,Washington,6.9,6.9,6.9,6.9,6.9,6.9,6.6,6.6,6.6,6.6,6.6,6.8,6.8,6.7,6.7,6.7,6.7,6.7,6.4,6.4,6.5,6.5,6.5,6.5,6.5,6.5,6.5,6.5,6.7,6.7,6.7,6.7,6.6,6.6,6.7,6.7,6.7,6.7,6.7,6.5,6.5,6.6,6.6,6.6,6.6,6.6,6.6,6.6,6.7,6.7,6.7,6.7,6.7,6.7,6.7,6.7,6.7,6.7,6.7
236,NC State,6.9,6.9,6.9,6.9,6.9,6.9,6.8,6.8,6.8,6.8,6.8,6.9,6.9,6.9,6.7,6.7,6.7,6.7,6.7,6.7,6.7,6.7,6.7,6.7,6.8,6.8,6.8,7.2,7.2,7.2,7.2,7.2,7.2,7.2,7.1,7.1,7.1,7.1,7.2,7.2,7.2,7.2,7.2,7.2,7.2,7.3,7.3,7.3,7.5,7.5,7.5,7.6,7.6,7.6,7.6,7.6,7.8,7.8,7.8
237,South Dakota,6.9,6.9,6.9,6.7,6.7,6.7,6.8,6.8,6.8,6.8,6.8,6.8,6.8,6.8,6.8,6.8,6.8,6.8,6.8,6.8,6.7,6.7,6.7,6.7,6.9,6.9,6.9,6.9,6.9,6.9,6.9,6.9,7.0,7.0,7.0,7.0,7.0,7.0,7.0,7.0,7.0,7.0,7.0,7.0,7.0,6.9,6.9,6.9,6.7,6.7,6.7,6.7,6.7,6.8,6.8,6.8,6.8,6.8,6.8
238,Fla Gulf Cst,6.9,6.9,6.9,6.9,6.9,6.9,7.3,7.3,7.3,7.3,7.3,7.2,7.2,7.1,7.1,7.1,7.1,7.1,7.2,7.2,6.9,6.9,6.9,6.9,6.8,6.8,6.8,6.5,6.5,6.5,6.5,6.5,6.5,6.5,6.5,6.5,6.5,6.5,6.5,6.5,6.5,6.4,6.4,6.4,6.4,6.4,6.4,6.4,6.4,6.4,6.4,6.4,6.4,6.5,6.5,6.5,6.5,6.6,6.6
239,Manhattan,6.9,6.9,6.9,6.9,6.9,7.1,7.1,7.6,7.6,7.6,7.6,7.5,7.5,7.3,7.3,7.3,7.3,7.3,7.3,7.3,7.3,7.5,7.5,7.5,7.4,7.4,7.4,7.4,7.4,7.4,7.5,7.5,7.5,7.2,7.2,7.2,7.2,7.2,7.2,7.3,7.3,7.6,7.6,7.6,7.6,7.6,7.6,7.6,7.6,7.7,7.7,7.7,7.7,7.7,7.7,7.7,7.8,7.8,7.8
240,Minnesota,6.9,6.9,6.9,6.8,6.8,6.8,6.9,6.9,6.9,6.9,6.9,6.9,6.9,6.8,6.8,7.0,7.0,7.0,6.9,6.9,6.7,6.7,6.7,6.8,6.8,6.8,6.8,6.8,6.8,6.8,6.8,6.8,6.8,6.8,6.8,6.8,6.8,6.9,6.9,6.9,6.9,6.9,6.9,6.9,6.9,6.9,6.9,6.9,6.9,6.9,6.9,6.9,6.9,6.9,6.9,6.9,6.9,6.9,6.9
241,Lg Beach St,6.9,6.9,6.9,6.9,6.5,6.5,6.4,6.4,6.4,6.4,6.1,6.1,6.1,6.1,6.1,6.1,6.1,5.9,5.9,5.9,6.2,6.2,6.2,6.2,6.2,6.1,6.1,6.0,6.0,6.0,6.0,6.0,6.0,6.0,6.1,6.1,6.1,6.1,6.1,6.1,6.1,6.0,6.0,6.0,6.0,6.0,6.0,6.0,6.0,6.0,6.0,6.0,6.0,5.9,5.9,5.8,5.8,5.8,5.8
242,Denver,6.8,6.8,6.8,6.8,6.8,6.8,6.6,6.6,6.6,6.6,6.6,6.6,6.6,6.5,6.5,6.5,6.5,6.5,6.5,6.5,6.5,6.5,6.5,6.5,6.5,6.6,6.6,6.8,6.8,6.8,6.8,6.8,6.8,6.8,6.7,6.7,6.7,6.7,6.7,6.8,6.8,7.0,7.0,7.0,7.0,7.1,7.1,7.1,7.1,7.1,7.1,7.1,7.1,7.1,7.1,7.2,7.2,7.2,7.2
243,N Mex State,6.8,6.8,6.8,6.8,6.8,6.8,7.2,7.2,7.2,7.2,7.2,7.1,7.1,7.0,7.0,7.0,7.0,7.0,7.1,7.1,7.6,7.6,7.6,7.6,7.6,7.6,7.6,7.5,7.5,7.5,7.5,7.5,7.5,7.5,7.6,7.6,7.6,7.6,7.6,7.7,7.7,7.5,7.5,7.5,7.5,7.5,7.5,7.5,7.5,7.5,7.5,7.5,7.5,7.3,7.3,7.3,7.3,7.3,7.3
244,Delaware,6.8,6.8,6.7,6.7,6.7,6.4,6.4,6.7,6.7,6.7,6.7,6.6,6.6,6.4,6.4,6.4,6.4,6.4,6.1,6.1,6.1,6.1,6.1,6.1,6.1,6.0,6.0,5.9,5.9,5.9,5.9,5.9,5.9,5.9,5.9,5.9,5.9,5.9,5.9,5.7,5.7,5.7,5.7,5.7,5.7,5.7,5.7,5.7,5.8,5.8,5.8,5.8,5.8,6.0,6.0,6.0,6.0,6.0,6.0
245,Air Force,6.8,6.8,6.8,6.8,6.8,6.8,6.9,6.9,6.9,6.9,6.9,6.9,6.9,7.3,7.3,7.3,7.3,7.6,7.6,7.6,7.6,7.6,7.6,7.6,7.3,7.3,7.3,7.2,7.2,7.2,7.2,7.2,7.2,7.2,7.2,7.2,7.2,7.4,7.4,7.4,7.4,7.3,7.3,7.3,7.3,7.5,7.5,7.5,7.4,7.4,7.4,7.4,7.7,7.7,7.7,7.7,7.7,7.5,7.5
246,Miss State,6.8,6.8,6.6,6.6,6.6,6.6,6.5,6.5,6.5,6.5,6.4,6.4,6.4,6.3,6.3,6.3,6.4,6.4,6.4,6.4,6.4,6.4,6.4,6.4,6.4,6.4,6.4,6.3,6.3,6.3,6.3,6.4,6.4,6.4,6.3,6.3,6.3,6.1,6.1,6.1,6.1,6.3,6.3,6.3,6.3,6.5,6.5,6.5,6.7,6.7,6.7,6.7,6.7,6.7,6.7,6.7,6.7,6.7,6.6
247,F Dickinson,6.8,6.8,6.8,6.8,6.8,6.8,7.0,7.0,7.0,7.0,7.0,7.0,7.0,6.8,6.8,6.8,6.8,6.8,6.6,6.6,6.7,6.7,6.7,6.7,6.7,6.6,6.6,6.6,6.6,6.6,6.6,6.6,6.4,6.4,6.5,6.5,6.5,6.5,6.5,6.6,6.6,6.6,6.7,6.7,6.7,6.7,6.7,6.7,6.6,6.6,6.6,6.6,6.6,6.7,6.7,6.7,6.7,6.7,6.7
248,St Bonavent,6.8,6.8,6.8,6.9,6.9,6.9,6.9,6.9,6.9,6.9,6.6,6.6,6.6,6.5,6.5,6.5,6.5,6.5,6.5,6.7,6.7,6.7,6.7,6.7,6.7,6.7,6.7,6.7,6.8,6.8,6.8,7.0,7.0,7.0,7.2,7.2,7.2,7.2,7.4,7.4,7.4,7.5,7.5,7.5,7.6,7.6,7.6,7.7,7.7,7.7,7.7,7.7,7.4,7.4,7.4,7.4,7.4,7.4,7.7
249,SE Louisiana,6.8,6.8,6.8,6.8,6.8,6.8,6.9,6.9,6.9,6.9,6.8,6.8,6.8,6.7,6.7,6.7,6.7,6.8,6.8,6.8,6.8,6.8,6.8,6.8,6.6,6.6,6.6,6.5,6.5,6.5,6.5,6.6,6.6,6.6,6.7,6.7,6.7,6.7,7.0,7.0,7.0,7.1,7.1,7.1,7.1,7.0,7.0,7.0,7.0,7.0,7.0,7.0,7.0,7.0,7.0,7.2,7.2,7.2,7.2
250,Harvard,6.8,6.8,6.8,6.8,6.8,6.8,7.2,7.2,7.2,7.2,7.1,7.1,7.1,7.1,7.1,7.1,7.1,7.1,7.1,7.1,7.1,7.1,7.1,7.1,7.1,7.1,7.1,7.3,7.3,7.3,7.3,7.3,7.3,7.7,7.9,7.9,7.9,7.9,7.9,7.9,7.8,7.6,7.6,7.6,7.6,7.6,7.6,7.7,7.5,7.5,7.5,7.5,7.5,7.5,7.5,7.6,7.6,7.6,7.6
251,E Kentucky,6.7,6.7,6.7,6.7,6.8,6.8,6.5,6.5,6.5,6.5,6.5,6.8,6.8,7.1,7.1,7.1,7.1,7.1,7.1,7.1,6.8,6.8,6.8,6.8,6.8,6.9,6.9,6.7,6.7,6.7,6.7,6.7,6.7,6.7,6.7,6.7,6.7,6.7,6.7,7.0,7.0,7.0,7.0,7.0,7.0,7.0,7.1,7.1,7.2,7.2,7.2,7.2,7.2,7.2,7.2,7.2,7.2,7.2,7.2
252,Georgetown,6.7,6.7,6.9,6.9,6.9,6.9,6.8,6.8,6.8,6.8,6.8,6.8,6.8,6.7,6.7,6.7,6.7,6.6,6.6,6.6,6.8,6.8,6.8,6.8,7.0,7.0,7.0,7.2,7.2,7.2,7.2,7.2,7.2,7.2,7.4,7.4,7.4,7.3,7.3,7.3,7.3,7.2,7.2,7.2,7.3,7.3,7.3,7.3,7.3,7.3,7.3,7.3,7.4,7.4,7.4,7.4,7.4,7.5,7.5
253,CS Bakersfld,6.7,6.7,6.7,6.7,6.7,6.7,6.3,6.3,6.3,6.3,6.3,6.1,6.1,5.9,5.9,5.9,5.9,5.9,5.8,5.8,6.0,6.0,6.0,6.0,6.0,6.0,5.9,5.9,5.9,5.9,5.9,5.9,6.1,6.1,6.2,6.2,6.2,6.2,6.2,6.0,6.0,6.1,6.1,6.1,6.1,6.1,6.1,6.1,6.0,6.0,6.0,6.0,6.0,5.8,5.8,6.0,6.0,6.0,6.0
254,Towson,6.7,6.7,6.8,6.8,6.8,7.1,7.1,6.9,6.9,6.9,6.9,6.6,6.6,7.0,7.0,7.0,7.0,7.0,6.9,6.9,6.9,6.9,6.9,6.9,6.9,6.8,6.8,6.9,6.9,6.9,6.9,6.9,6.8,6.8,6.7,6.7,6.7,6.7,6.7,6.7,6.7,6.5,6.5,6.5,6.5,6.5,6.5,6.5,6.4,6.4,6.4,6.4,6.4,6.3,6.3,6.3,6.3,6.3,6.3
255,Kent State,6.7,6.7,6.5,6.5,6.5,6.5,6.8,6.8,6.8,6.7,6.7,6.7,6.8,6.8,6.8,6.8,7.1,7.1,7.1,7.1,7.2,7.2,7.2,7.2,7.2,7.2,7.2,7.2,7.2,7.2,7.3,7.3,7.3,7.3,7.2,7.2,7.2,7.3,7.3,7.3,7.3,7.3,7.3,7.3,7.4,7.4,7.4,7.4,7.5,7.5,7.5,7.4,7.4,7.4,7.4,7.3,7.3,7.3,7.4
256,Charlotte,6.6,6.6,6.6,6.6,6.5,6.5,6.5,6.5,6.5,6.5,6.5,6.4,6.4,6.1,6.1,6.1,6.1,6.1,6.0,6.0,6.0,6.0,6.0,6.0,6.0,6.0,6.0,6.2,6.2,6.2,6.2,6.2,6.3,6.3,6.3,6.3,6.3,6.3,6.3,6.3,6.3,6.3,6.3,6.3,6.3,6.3,6.7,6.7,6.7,6.7,6.7,6.7,6.7,6.6,6.6,6.5,6.5,6.5,6.5
257,Morehead St,6.6,6.6,6.6,6.6,6.4,6.4,6.3,6.3,6.3,6.3,6.3,6.4,6.4,6.4,6.4,6.4,6.4,6.4,6.5,6.5,6.6,6.6,6.6,6.6,6.6,6.8,6.8,6.9,6.9,6.9,6.9,6.9,6.7,6.7,6.9,6.9,6.9,6.9,6.9,6.8,6.8,6.8,6.8,6.8,6.8,6.8,7.2,7.2,7.0,7.0,7.0,7.0,7.0,7.0,7.0,6.9,6.9,6.9,6.9
258,Alabama,6.6,6.6,6.4,6.4,6.4,6.4,6.3,6.3,6.3,6.3,6.3,6.3,6.3,6.3,6.3,6.3,6.3,6.5,6.5,6.5,6.4,6.4,6.4,6.4,6.4,6.4,6.4,6.5,6.5,6.5,6.5,6.4,6.4,6.4,6.3,6.3,6.3,6.2,6.2,6.2,6.2,6.1,6.1,6.1,6.3,6.3,6.3,6.3,6.3,6.3,6.3,6.3,6.4,6.4,6.4,6.5,6.5,6.5,6.4
259,TX-Pan Am,6.6,6.6,6.6,6.6,6.6,6.6,6.8,6.8,6.8,6.8,6.8,6.9,6.9,6.8,6.8,6.8,6.8,6.8,6.7,6.7,6.7,6.7,6.7,6.7,6.7,6.7,6.7,6.6,6.6,6.6,6.6,6.6,6.6,6.6,6.5,6.5,6.5,6.5,6.5,6.5,6.5,6.5,6.5,6.5,6.5,6.5,6.4,6.4,6.3,6.3,6.3,6.3,6.3,6.2,6.2,6.1,6.1,6.1,6.1
260,Ste F Austin,6.6,6.6,6.6,6.4,6.4,6.4,5.8,5.8,5.8,5.8,5.9,5.9,5.9,5.9,5.9,5.9,5.9,5.7,5.7,5.7,5.7,5.7,5.7,5.7,5.8,5.8,5.8,5.8,5.8,5.8,5.8,6.1,6.1,6.1,6.2,6.2,6.2,6.2,6.2,6.6,6.6,6.7,6.7,6.7,6.7,6.8,6.8,6.8,6.9,6.9,6.9,6.9,7.1,7.1,7.1,7.0,7.0,7.0,7.0
261,Rhode Island,6.6,6.6,6.6,6.4,6.4,6.4,6.5,6.5,6.5,6.3,6.3,6.3,6.3,6.4,6.4,6.4,6.4,6.4,6.4,6.4,6.6,6.6,6.6,6.6,6.4,6.4,6.4,6.2,6.2,6.2,6.3,6.3,6.3,6.4,6.4,6.4,6.4,6.4,6.4,6.4,6.5,6.5,6.5,6.5,6.5,6.5,6.5,6.6,6.6,6.6,6.6,6.5,6.5,6.5,6.5,6.5,6.5,6.5,6.4
262,NJIT,6.6,6.6,6.6,6.7,6.7,6.7,7.1,7.1,7.1,7.1,7.1,7.4,7.4,7.2,7.2,7.2,7.2,7.2,7.5,7.5,7.3,7.3,7.3,7.3,7.2,7.2,7.2,7.2,7.2,7.1,7.1,7.1,7.1,7.1,7.3,7.3,7.3,7.3,7.3,7.3,7.3,7.5,7.5,7.5,7.5,7.5,7.4,7.4,7.5,7.5,7.5,7.5,7.5,7.6,7.6,7.6,7.6,7.5,7.5
263,Middle Tenn,6.6,6.6,6.6,6.6,6.4,6.4,6.1,6.1,6.1,6.1,6.1,5.9,5.9,6.0,6.0,6.0,6.0,6.0,5.9,5.9,5.8,5.8,5.8,5.8,5.8,6.1,6.1,6.1,6.1,6.1,6.1,6.1,6.0,6.0,6.1,6.1,6.1,6.1,6.1,6.5,6.5,6.6,6.6,6.6,6.6,6.6,6.7,6.7,6.9,6.9,6.9,6.9,6.9,6.9,6.9,7.1,7.1,7.1,7.1
264,S Mississippi,6.5,6.5,6.5,6.5,6.6,6.6,6.8,6.8,6.8,6.8,6.8,7.4,7.4,7.1,7.1,7.1,7.1,7.1,7.4,7.4,7.4,7.4,7.4,7.4,7.4,7.4,7.4,7.4,7.4,7.4,7.4,7.4,7.6,7.6,7.6,7.6,7.6,7.6,7.6,7.5,7.5,7.5,7.5,7.5,7.5,7.5,7.5,7.5,7.6,7.6,7.6,7.6,7.6,7.5,7.5,7.3,7.3,7.3,7.3
265,Richmond,6.5,6.5,6.5,6.6,6.6,6.6,6.7,6.7,6.7,7.0,7.0,7.0,7.0,6.9,6.9,6.9,6.9,6.9,6.9,6.9,6.9,6.9,6.9,6.9,6.8,6.8,6.8,6.8,6.8,6.8,6.8,6.8,6.8,6.8,6.7,6.7,6.7,6.7,6.5,6.5,6.5,6.5,6.5,6.5,6.5,6.5,6.5,6.5,6.5,6.5,6.5,6.5,6.5,6.5,6.5,6.5,6.5,6.5,6.5
266,Missouri St,6.5,6.5,6.5,6.5,6.3,6.3,6.3,6.5,6.5,6.5,6.5,6.5,6.5,6.5,6.5,6.5,6.5,6.4,6.4,6.4,6.3,6.3,6.3,6.4,6.4,6.4,6.4,6.6,6.6,6.6,6.5,6.5,6.5,6.5,6.6,6.6,6.6,6.8,6.8,6.8,6.8,6.8,6.8,6.8,6.8,7.0,7.0,7.0,7.0,6.9,6.9,6.9,7.1,7.1,7.1,7.1,7.1,7.1,7.1
267,Incar Word,6.5,6.5,6.5,6.5,6.5,6.5,6.4,6.4,6.4,6.4,6.2,6.2,6.2,6.0,6.0,6.0,6.0,5.9,5.9,5.9,5.8,5.8,5.8,5.8,5.9,5.9,5.9,5.7,5.7,5.7,5.7,5.7,5.7,5.7,5.7,5.7,5.7,5.7,5.9,5.9,5.9,5.9,5.9,5.9,5.9,6.1,6.1,6.1,6.2,6.2,6.2,6.2,6.0,6.0,6.0,6.3,6.3,6.3,6.3
268,NC-Asheville,6.5,6.5,6.5,6.7,6.7,6.7,6.6,6.6,6.6,6.7,6.7,6.7,6.8,6.8,6.8,7.2,7.2,7.2,7.0,7.0,7.0,7.4,7.4,7.4,7.3,7.3,7.3,7.3,7.3,7.3,7.3,7.3,7.4,7.4,7.5,7.5,7.5,7.5,7.5,7.5,7.5,7.6,7.6,7.6,7.6,7.6,7.5,7.5,7.5,7.7,7.7,7.7,7.7,7.9,7.9,7.8,7.8,7.8,7.8
269,UC Irvine,6.5,6.5,6.5,6.5,6.3,6.3,6.8,6.8,6.8,6.8,6.8,6.8,6.8,7.0,7.0,7.0,7.0,7.0,6.9,6.9,6.8,6.8,6.8,6.8,6.8,6.8,6.8,6.8,6.8,6.8,6.8,6.6,6.6,6.6,6.4,6.4,6.4,6.4,6.4,6.4,6.4,6.4,6.4,6.4,6.4,6.4,6.2,6.2,6.2,6.2,6.2,6.2,6.2,6.3,6.3,6.3,6.3,6.3,6.3
270,Oral Roberts,6.5,6.5,6.5,6.5,6.5,6.5,6.5,6.5,6.5,6.5,6.5,6.5,6.5,6.4,6.4,6.4,6.4,6.6,6.6,6.6,6.7,6.7,6.7,6.7,6.7,6.7,6.7,6.7,6.7,6.7,6.7,6.7,6.8,6.8,6.7,6.7,6.7,6.7,6.7,6.7,6.7,6.8,6.8,6.8,6.8,6.7,6.7,6.7,6.7,6.6,6.6,6.6,6.6,6.6,6.6,6.6,6.6,6.6,6.6
271,S Car State,6.5,6.5,6.5,6.4,6.4,6.4,6.5,6.5,6.5,6.5,6.5,6.5,6.5,6.6,6.6,6.5,6.5,6.5,6.5,6.5,6.4,6.4,6.3,6.3,6.3,6.3,6.3,6.2,6.2,6.1,6.1,6.1,6.1,6.1,6.1,6.1,6.1,6.1,6.1,6.1,6.1,6.2,6.2,6.2,6.2,6.2,6.2,6.2,6.0,6.0,6.1,6.1,6.1,6.1,6.1,6.4,6.4,6.2,6.2
272,North Dakota,6.5,6.5,6.5,6.5,6.6,6.6,6.7,6.7,6.7,6.7,6.7,6.9,6.9,7.2,7.2,7.2,7.5,7.5,7.5,7.5,7.2,7.2,7.2,7.2,7.2,7.3,7.3,7.2,7.2,7.2,7.2,7.2,7.2,7.2,7.0,7.0,7.0,7.0,7.0,7.1,7.1,7.1,7.1,7.1,7.1,7.1,7.0,7.0,7.3,7.3,7.3,7.3,7.3,7.3,7.3,7.0,7.0,7.0,7.0
273,Geo Mason,6.4,6.4,6.4,6.4,6.4,6.4,6.4,6.6,6.6,6.6,6.9,6.9,6.9,7.0,7.0,7.0,7.0,7.1,7.1,7.1,7.0,7.0,7.0,7.0,7.0,7.0,7.0,6.8,6.8,6.8,6.8,6.8,6.8,6.8,6.8,6.8,6.8,6.8,7.0,7.0,7.0,7.0,7.0,7.0,7.0,7.1,7.1,7.1,7.0,7.0,7.0,7.0,7.0,7.0,7.0,7.2,7.2,7.2,7.2
274,DePaul,6.4,6.4,6.6,6.6,6.6,6.6,6.8,6.8,6.8,6.8,6.8,6.8,6.6,6.6,6.6,6.4,6.4,6.4,6.4,6.4,6.6,6.6,6.6,6.6,6.7,6.7,6.7,6.7,6.6,6.6,6.6,6.6,6.6,6.6,6.4,6.4,6.4,6.4,6.4,6.4,6.4,6.5,6.5,6.5,6.5,6.6,6.6,6.6,6.6,6.5,6.5,6.5,6.4,6.4,6.4,6.3,6.3,6.3,6.3
275,S Illinois,6.4,6.4,6.4,6.5,6.5,6.5,6.6,6.6,6.6,6.5,6.5,6.5,6.5,6.5,6.5,6.5,6.5,6.3,6.3,6.3,6.3,6.3,6.3,6.3,6.4,6.4,6.4,6.5,6.5,6.5,6.5,6.5,6.5,6.5,6.4,6.4,6.4,6.4,6.4,6.4,6.4,6.4,6.4,6.4,6.4,6.5,6.5,6.5,6.5,6.5,6.5,6.5,6.4,6.4,6.4,6.4,6.4,6.4,6.4
276,Loyola Mymt,6.4,6.4,6.4,6.4,6.2,6.2,6.4,6.4,6.4,6.4,6.4,6.3,6.3,6.6,6.6,6.6,6.6,6.6,6.8,6.8,6.7,6.7,6.7,6.7,6.7,6.7,6.7,6.8,6.8,6.8,6.8,6.8,6.7,6.7,6.7,6.7,6.7,6.7,6.7,6.6,6.6,6.7,6.7,6.7,6.7,6.7,6.6,6.6,6.4,6.4,6.4,6.4,6.4,6.3,6.3,6.3,6.3,6.3,6.3
277,Central Conn,6.4,6.4,6.4,6.4,6.4,6.4,6.2,6.2,6.2,6.2,6.2,6.1,6.1,6.2,6.2,6.2,6.2,6.2,6.1,6.1,6.1,6.1,6.1,6.1,6.1,6.2,6.2,6.2,6.2,6.2,6.2,6.2,6.0,6.0,6.0,6.0,6.0,6.0,6.0,6.1,6.1,5.9,5.9,5.9,5.9,5.9,6.0,6.0,5.9,5.9,5.9,5.9,5.9,6.1,6.1,6.1,6.1,6.1,6.1
278,Old Dominion,6.4,6.4,6.4,6.4,6.7,6.7,6.7,6.7,6.7,6.7,6.7,6.5,6.5,6.4,6.4,6.4,6.4,6.4,6.4,6.4,6.3,6.3,6.3,6.3,6.3,6.3,6.3,6.4,6.4,6.4,6.4,6.4,6.3,6.3,6.5,6.5,6.5,6.5,6.5,6.7,6.7,6.8,6.8,6.8,6.8,6.8,7.2,7.2,7.3,7.3,7.3,7.3,7.3,7.4,7.4,7.4,7.4,7.4,7.4
279,E Illinois,6.4,6.4,6.4,6.4,6.5,6.5,6.3,6.3,6.3,6.3,6.3,6.4,6.4,6.3,6.3,6.3,6.3,6.3,6.8,6.8,6.8,6.8,6.8,6.8,6.8,6.7,6.7,6.6,6.6,6.6,6.6,6.6,6.5,6.5,6.8,6.8,6.8,6.8,6.8,6.8,6.8,6.8,6.8,6.8,6.8,6.8,6.9,6.9,7.0,7.0,7.0,7.0,7.0,7.1,7.1,7.1,7.1,7.1,7.1
280,TX El Paso,6.3,6.3,6.3,6.3,6.6,6.6,7.1,7.1,7.1,7.1,7.1,7.2,7.2,7.0,7.0,7.0,7.0,7.0,7.0,7.0,7.1,7.1,7.1,7.1,7.1,7.4,7.4,7.2,7.2,7.2,7.2,7.2,7.3,7.3,7.2,7.2,7.2,7.2,7.2,7.2,7.2,7.2,7.2,7.2,7.2,7.2,7.4,7.4,7.2,7.2,7.2,7.2,7.2,7.1,7.1,7.2,7.2,7.2,7.2
281,Valparaiso,6.3,6.3,6.3,6.4,6.4,6.4,6.7,6.7,6.7,6.7,7.0,7.0,7.0,7.0,7.0,7.0,7.0,6.8,6.8,6.8,6.8,6.6,6.6,6.6,6.8,6.8,6.8,6.7,6.7,6.7,6.7,6.6,6.6,6.6,6.6,6.6,6.6,6.6,6.6,6.6,6.6,6.6,6.7,6.7,6.7,6.7,6.7,6.7,6.6,6.6,6.6,6.7,6.7,6.7,6.7,6.6,6.6,6.6,6.6
282,Stanford,6.3,6.3,6.3,6.3,6.5,6.5,6.5,6.4,6.4,6.4,6.4,6.6,6.6,6.5,6.5,6.5,6.5,6.6,6.6,6.6,6.5,6.5,6.5,6.5,6.4,6.4,6.4,6.5,6.5,6.5,6.5,6.5,6.4,6.4,6.7,6.7,6.7,6.7,6.7,6.6,6.6,6.6,6.7,6.7,6.7,6.7,6.7,6.7,6.7,6.6,6.6,6.6,6.6,6.6,6.6,6.6,6.6,6.6,6.6
283,Colorado St,6.3,6.3,6.4,6.4,6.4,6.4,6.8,6.8,6.8,6.8,6.8,6.8,6.8,6.7,6.7,6.7,6.7,6.6,6.6,6.6,6.5,6.5,6.5,6.5,6.7,6.7,6.7,6.6,6.6,6.6,6.6,6.8,6.8,6.8,6.9,6.9,6.9,6.8,6.8,6.8,6.8,7.0,7.0,7.0,7.0,7.0,7.0,7.0,6.9,6.9,6.9,6.9,6.8,6.8,6.8,6.8,7.0,7.0,7.0
284,Connecticut,6.2,6.2,6.2,6.6,6.6,6.6,6.3,6.3,6.3,6.3,6.1,6.1,6.1,6.2,6.2,6.2,6.1,6.1,6.1,6.1,6.1,6.1,6.1,6.1,6.1,6.2,6.2,6.2,6.1,6.1,6.1,6.2,6.2,6.2,6.1,6.1,6.1,6.1,6.0,6.0,6.0,6.1,6.1,6.1,6.1,6.1,6.3,6.3,6.3,6.6,6.6,6.6,6.6,6.5,6.5,6.5,6.7,6.7,6.7
285,Alab A&M,6.2,6.3,6.3,6.1,6.1,6.1,6.2,6.2,6.2,6.2,6.2,6.2,6.2,6.2,6.2,6.2,6.2,6.2,6.2,6.2,6.3,6.3,6.2,6.2,6.2,6.2,6.2,6.2,6.2,6.2,6.2,6.2,6.2,6.2,6.1,6.1,6.1,6.1,6.1,6.1,6.1,5.9,5.9,5.9,5.9,5.9,5.9,5.9,5.8,5.8,5.9,5.9,5.9,5.9,5.9,5.9,5.9,5.9,5.9
286,McNeese St,6.2,6.2,6.2,6.4,6.4,6.4,6.5,6.5,6.5,6.5,6.8,6.8,6.8,7.0,7.0,7.0,7.0,7.0,7.0,7.0,7.1,7.1,7.1,7.1,7.1,7.1,7.1,7.2,7.2,7.2,7.1,7.1,7.1,7.1,7.2,7.2,7.2,7.2,7.2,7.4,7.4,7.3,7.3,7.3,7.3,7.3,7.3,7.3,7.3,7.3,7.3,7.3,7.4,7.4,7.4,7.1,7.1,7.1,7.1
287,W Kentucky,6.2,6.2,6.2,6.2,6.2,6.2,6.3,6.3,6.3,6.3,6.3,6.5,6.5,6.3,6.3,6.3,6.3,6.3,6.1,6.1,5.8,5.8,5.8,5.8,5.8,5.8,5.8,5.8,5.8,5.8,5.8,5.8,5.9,5.9,5.7,5.7,5.7,5.7,5.7,5.7,5.7,5.5,5.5,5.5,5.5,5.5,5.5,5.5,5.7,5.7,5.7,5.7,5.7,5.7,5.7,5.7,5.7,5.7,5.7
288,Ark Pine Bl,6.2,6.3,6.3,6.3,6.3,6.3,6.2,6.2,6.6,6.6,6.6,6.6,6.6,6.8,6.8,7.0,7.0,7.0,7.0,7.0,7.0,7.0,7.0,7.0,7.0,7.0,7.0,7.0,7.0,7.0,7.0,7.0,7.0,7.0,7.0,7.0,6.8,6.8,6.8,6.8,6.8,6.8,6.8,6.8,6.8,6.8,6.8,6.8,6.6,6.6,6.5,6.5,6.5,6.5,6.5,6.4,6.4,6.4,6.4
289,Houston Bap,6.2,6.2,6.2,6.2,6.2,6.2,6.1,6.1,6.1,6.1,6.4,6.4,6.4,6.6,6.6,6.6,6.6,6.7,6.7,6.7,6.9,6.9,6.9,6.9,7.2,7.2,7.2,7.3,7.3,7.3,7.3,7.5,7.5,7.5,7.5,7.5,7.5,7.5,7.4,7.4,7.4,7.3,7.3,7.3,7.3,7.3,7.3,7.3,7.2,7.2,7.2,7.2,7.2,7.2,7.2,7.2,7.2,7.2,7.2
290,Jacksonville,6.2,6.2,6.2,6.2,6.2,6.2,6.1,6.1,6.1,6.1,6.1,6.0,6.0,6.1,6.1,6.1,6.1,6.1,6.2,6.2,6.1,6.1,6.1,6.1,6.2,6.2,6.2,6.0,6.0,5.8,5.8,5.8,5.8,5.8,5.9,5.9,5.9,5.9,5.9,5.8,5.8,5.7,5.7,5.7,5.7,5.7,5.7,5.7,5.7,5.7,5.7,5.7,5.7,5.8,5.8,5.8,5.8,5.8,5.8
291,Navy,6.2,6.2,6.3,6.3,6.3,6.6,6.6,6.6,6.7,6.7,6.7,6.6,6.6,6.6,6.5,6.5,6.5,6.4,6.4,6.4,6.5,6.5,6.5,6.5,6.4,6.4,6.4,6.5,6.5,6.5,6.5,6.2,6.2,6.2,6.2,6.2,6.2,6.2,6.3,6.3,6.3,6.2,6.2,6.2,6.2,6.1,6.1,6.1,6.0,6.0,6.0,6.0,6.0,6.0,6.0,6.1,6.1,6.1,6.1
292,UNLV,6.1,6.1,6.1,6.1,6.1,6.1,6.1,6.1,6.1,6.1,6.2,6.2,6.2,6.2,6.2,6.2,6.2,6.0,6.0,6.0,6.1,6.1,6.1,6.0,6.0,6.0,6.0,5.9,5.9,5.9,5.9,5.8,5.8,5.8,5.8,5.8,5.8,5.8,5.9,5.9,5.9,5.8,5.8,5.8,5.8,5.9,5.9,5.9,5.9,5.9,5.9,5.9,5.7,5.7,5.7,5.7,5.7,5.7,5.7
293,Southern,6.1,6.2,6.2,6.1,6.1,6.1,6.1,6.1,5.9,5.9,5.9,5.9,5.9,5.9,5.9,5.6,5.6,5.6,5.6,5.6,5.5,5.5,5.3,5.3,5.3,5.3,5.3,5.4,5.4,5.4,5.4,5.4,5.4,5.4,5.3,5.3,5.4,5.4,5.4,5.4,5.4,5.4,5.4,5.2,5.2,5.2,5.2,5.2,5.3,5.3,5.3,5.3,5.3,5.3,5.3,5.4,5.4,5.4,5.4
294,Youngs St,6.1,6.4,6.4,6.4,6.5,6.5,6.6,6.6,6.6,6.6,7.0,7.0,7.2,7.2,7.2,7.2,7.2,7.2,7.3,7.3,7.4,7.4,7.4,7.4,7.4,7.4,7.4,7.3,7.3,7.3,7.3,7.3,7.5,7.5,7.3,7.3,7.3,7.3,7.3,7.2,7.2,7.3,7.3,7.3,7.3,7.3,7.3,7.2,7.2,7.2,7.1,7.1,7.1,7.1,7.1,7.3,7.3,7.3,7.3
295,Indiana,6.1,6.1,5.9,5.9,5.9,5.9,6.1,6.1,6.1,6.1,6.1,6.1,6.1,6.1,6.2,6.2,6.2,6.2,6.2,6.3,6.3,6.3,6.2,6.2,6.2,6.2,6.2,6.2,6.0,6.0,6.0,6.0,6.0,6.0,6.0,6.0,6.1,6.1,6.1,6.1,6.1,6.1,6.1,6.1,6.1,6.1,6.1,6.1,6.4,6.4,6.4,6.2,6.2,6.2,6.3,6.3,6.3,6.3,6.3
296,S Florida,6.1,6.1,6.1,6.2,6.2,6.2,6.2,6.2,6.2,6.2,6.2,6.2,6.2,6.3,6.3,6.3,6.3,6.2,6.2,6.2,6.2,6.2,6.2,6.2,6.2,6.3,6.3,6.3,6.1,6.1,6.1,6.2,6.2,6.2,6.2,6.2,6.2,6.2,6.2,6.2,6.2,6.2,6.2,6.2,6.2,6.2,6.2,6.2,6.2,6.2,6.2,6.2,6.2,6.2,6.2,6.3,6.3,6.3,6.3
297,Texas,6.0,6.5,6.5,6.5,6.5,6.5,6.6,6.6,6.6,6.6,6.8,6.8,6.8,6.8,6.8,6.8,6.8,6.8,6.8,6.8,6.6,6.6,6.7,6.7,6.7,6.7,6.7,6.8,6.8,6.8,6.8,7.0,7.0,7.0,7.0,7.0,7.0,7.0,7.1,7.1,7.1,7.2,7.2,7.0,7.0,7.0,7.0,7.0,7.1,7.1,7.1,7.1,6.9,6.9,6.9,6.9,6.9,6.9,6.9
298,Sac State,6.0,6.0,6.0,6.0,6.5,6.5,6.2,6.2,6.2,6.2,6.2,6.3,6.3,6.2,6.2,6.2,6.2,6.2,6.3,6.3,6.4,6.4,6.4,6.4,6.4,6.4,6.4,6.2,6.2,6.2,6.2,6.2,6.0,6.0,5.9,5.9,5.9,5.9,5.9,6.1,6.1,6.2,6.2,6.2,6.2,6.2,6.0,6.0,6.0,6.0,6.0,6.0,6.0,6.1,6.1,6.1,6.1,6.1,6.1
299,Jksnville St,5.9,5.9,5.9,5.9,6.2,6.2,6.1,6.1,6.1,6.1,6.1,6.1,6.1,6.2,6.2,6.2,6.2,6.2,6.2,6.2,6.2,6.2,6.2,6.2,6.2,6.2,6.2,6.2,6.2,6.2,6.2,6.2,6.1,6.1,6.0,6.0,6.0,6.0,6.0,6.1,6.1,6.1,6.1,6.1,6.1,6.1,5.9,5.9,5.8,5.8,5.8,5.8,5.8,5.9,5.9,5.7,5.7,5.7,5.7
300,Wright State,5.9,5.9,5.9,5.9,5.9,6.1,6.1,6.2,6.2,6.2,6.2,6.1,6.1,6.1,6.1,6.4,6.4,6.4,6.6,6.6,6.6,6.6,6.6,6.6,6.6,6.6,6.7,6.7,6.6,6.6,6.6,6.6,6.7,6.7,6.8,6.8,6.8,6.8,6.8,6.9,6.9,6.9,6.9,6.9,6.9,6.9,6.9,6.8,6.8,6.8,6.8,6.8,6.8,6.8,6.8,6.8,6.8,6.8,6.8
301,N Arizona,5.9,5.9,5.9,5.9,5.9,5.9,5.7,5.7,5.7,5.7,5.7,5.7,5.7,5.8,5.8,5.8,5.8,5.8,5.9,5.9,6.3,6.3,6.3,6.3,6.3,6.4,6.4,6.5,6.5,6.5,6.5,6.5,6.3,6.3,6.1,6.1,6.1,6.1,6.1,6.1,6.1,5.9,5.9,5.9,5.9,5.9,5.7,5.7,5.9,5.9,5.9,5.9,5.9,5.8,5.8,5.7,5.7,5.7,5.7
302,Longwood,5.9,5.9,5.9,5.8,5.8,5.8,6.0,6.0,6.0,6.1,6.1,6.1,6.1,6.1,6.1,6.1,6.1,6.1,6.1,6.1,6.1,6.1,6.1,6.1,6.5,6.5,6.5,6.5,6.5,6.5,6.5,6.5,6.5,6.5,6.6,6.6,6.6,6.6,6.6,6.6,6.6,6.8,6.8,6.8,6.8,6.8,6.8,6.8,6.8,6.7,6.7,6.7,6.7,6.6,6.6,6.5,6.5,6.5,6.5
303,Florida Intl,5.9,5.9,5.9,5.9,5.7,5.7,6.1,6.1,6.1,6.1,6.1,6.3,6.3,6.1,6.1,6.1,6.1,6.1,6.2,6.2,6.4,6.4,6.4,6.4,6.4,6.3,6.3,6.2,6.2,6.2,6.2,6.2,6.1,6.1,6.2,6.2,6.2,6.2,6.2,6.1,6.1,6.2,6.2,6.2,6.2,6.2,6.2,6.2,6.1,6.1,6.1,6.1,6.1,6.2,6.2,6.1,6.1,6.1,6.1
304,E Michigan,5.9,5.9,6.1,6.1,6.1,6.1,6.4,6.4,6.4,6.4,6.4,6.4,6.4,6.2,6.2,6.2,6.3,6.3,6.3,6.3,6.3,6.3,6.3,6.6,6.6,6.6,6.6,6.5,6.5,6.5,6.3,6.3,6.3,6.3,6.3,6.3,6.3,6.2,6.2,6.2,6.2,6.1,6.1,6.1,6.2,6.2,6.2,6.2,6.0,6.0,6.0,6.0,6.0,6.0,6.0,6.1,6.1,6.1,6.3
305,Geo Wshgtn,5.9,5.9,5.9,5.7,5.7,5.7,5.6,5.6,5.6,5.6,5.5,5.5,5.5,5.5,5.5,5.5,5.5,5.5,5.5,5.5,5.6,5.6,5.6,5.6,5.6,5.6,5.6,5.6,5.5,5.5,5.5,5.6,5.6,5.6,5.6,5.6,5.6,5.6,5.6,5.6,5.6,5.6,5.6,5.6,5.6,5.5,5.5,5.5,5.5,5.5,5.5,5.5,5.6,5.6,5.6,5.6,5.6,5.6,5.6
306,Evansville,5.8,5.8,5.8,5.6,5.6,5.6,5.8,5.8,5.8,5.8,5.7,5.7,5.7,5.6,5.6,5.6,5.6,5.5,5.5,5.5,5.6,5.6,5.6,5.6,5.4,5.4,5.4,5.5,5.5,5.5,5.5,5.6,5.6,5.6,5.8,5.8,5.8,5.8,5.7,5.7,5.7,5.6,5.6,5.6,5.6,5.6,5.6,5.6,5.6,5.6,5.6,5.6,5.6,5.6,5.6,5.7,5.7,5.7,5.7
307,NC A&T,5.8,5.8,5.8,5.8,5.8,5.8,5.8,5.8,5.9,5.9,5.9,5.9,5.9,6.0,6.0,6.0,6.0,6.0,6.2,6.2,6.2,6.2,6.2,6.2,6.2,6.2,6.2,6.2,6.2,6.2,6.2,6.2,6.2,6.2,6.2,6.2,6.2,6.2,6.2,6.2,6.2,6.3,6.3,6.4,6.4,6.4,6.4,6.4,6.4,6.4,6.5,6.5,6.5,6.5,6.5,6.3,6.3,6.2,6.2
308,Georgia,5.8,5.8,5.8,5.9,5.9,5.9,6.1,6.1,6.1,6.1,6.2,6.2,6.2,6.0,6.0,6.0,5.9,5.9,5.9,5.9,5.9,5.9,5.9,6.1,6.1,6.1,6.1,5.8,5.8,5.8,6.0,6.0,6.0,6.0,6.1,6.1,6.1,6.1,5.9,5.9,5.9,6.0,6.0,6.0,6.0,6.0,6.0,6.0,6.0,6.0,6.0,6.0,6.0,6.0,6.0,5.9,5.9,5.9,5.9
309,Fla Atlantic,5.8,5.8,5.8,5.8,5.5,5.5,5.2,5.2,5.2,5.2,5.2,5.2,5.2,5.5,5.5,5.5,5.5,5.5,5.5,5.5,5.6,5.6,5.6,5.6,5.6,5.4,5.4,5.4,5.4,5.4,5.4,5.4,5.2,5.2,5.3,5.3,5.3,5.3,5.3,5.2,5.2,5.3,5.3,5.3,5.3,5.3,5.3,5.3,5.4,5.4,5.4,5.4,5.4,5.4,5.4,5.4,5.4,5.4,5.4
310,Hawaii,5.7,5.7,5.7,5.7,6.2,6.2,6.1,6.1,6.1,6.1,6.1,6.1,6.1,6.1,6.2,6.2,6.2,6.2,6.2,6.2,6.3,6.3,6.3,6.3,6.3,6.3,6.3,6.3,6.3,6.3,6.3,6.3,6.4,6.4,6.6,6.6,6.6,6.6,6.5,6.5,6.5,6.5,6.5,6.5,6.5,6.5,6.4,6.4,6.7,6.7,6.7,6.7,6.7,6.6,6.6,6.6,6.6,6.6,6.6
311,Texas State,5.7,5.7,5.7,5.7,5.8,5.8,5.8,5.8,5.8,5.8,5.8,5.9,5.9,6.1,6.1,6.1,6.1,6.1,6.3,6.3,6.1,6.1,6.1,6.1,6.1,6.3,6.3,6.1,6.1,6.1,6.1,6.1,6.0,6.0,6.0,6.0,6.0,6.0,6.0,6.0,6.0,6.1,6.1,6.1,6.1,6.1,6.2,6.2,6.2,6.2,6.2,6.2,6.2,6.2,6.2,6.4,6.4,6.4,6.4
312,AR Lit Rock,5.7,5.7,5.7,5.7,5.9,5.9,6.1,6.1,6.1,6.1,6.1,6.1,6.1,6.0,6.0,6.0,6.0,6.0,6.0,6.0,5.9,5.9,5.9,5.9,5.9,6.1,6.1,6.3,6.3,6.3,6.3,6.3,6.3,6.3,6.4,6.4,6.4,6.4,6.4,6.2,6.2,6.1,6.1,6.1,6.1,6.1,6.1,6.1,6.2,6.2,6.2,6.2,6.2,6.2,6.2,6.3,6.3,6.3,6.3
313,UC Davis,5.7,5.7,5.7,5.7,5.5,5.5,5.5,5.5,5.5,5.5,5.5,5.6,5.6,5.4,5.4,5.4,5.4,5.7,5.7,5.7,5.5,5.5,5.5,5.5,5.5,5.3,5.3,5.5,5.5,5.5,5.5,5.5,5.4,5.4,5.4,5.4,5.4,5.4,5.4,5.6,5.6,5.5,5.5,5.5,5.5,5.5,5.8,5.8,5.9,5.9,5.9,5.9,5.9,5.9,5.9,6.0,6.0,6.0,6.0
314,Florida A&M,5.7,5.7,5.7,5.7,5.7,5.7,5.8,5.8,6.0,6.0,6.0,6.0,6.0,5.9,5.9,6.2,6.2,6.2,6.2,6.2,6.2,6.2,6.2,6.2,6.2,6.2,6.2,6.3,6.3,6.4,6.4,6.3,6.3,6.3,6.2,6.2,6.2,6.2,6.2,6.2,6.2,6.2,6.2,6.1,6.1,6.1,6.1,6.1,6.2,6.2,6.2,6.2,6.2,6.2,6.2,6.3,6.3,6.2,6.2
315,Oregon St,5.6,5.6,5.6,5.6,5.6,5.7,5.7,5.7,5.7,5.7,5.7,5.7,5.7,6.0,6.0,6.0,6.0,6.0,6.1,6.1,5.9,5.9,5.9,5.9,5.9,5.9,5.9,5.8,5.8,5.8,5.8,5.8,5.8,5.8,5.7,5.7,5.7,5.7,5.7,5.8,5.8,5.9,5.9,5.9,5.9,5.9,6.0,6.0,5.9,5.9,5.9,5.9,5.9,5.9,5.9,5.9,5.9,5.9,5.9
316,N Illinois,5.6,5.6,5.5,5.5,5.5,5.5,5.6,5.6,5.6,5.6,5.6,5.6,5.6,5.7,5.7,5.7,5.6,5.6,5.6,5.6,5.5,5.5,5.5,5.6,5.6,5.6,5.6,5.6,5.6,5.6,5.5,5.5,5.5,5.5,5.5,5.5,5.5,5.4,5.4,5.4,5.4,5.3,5.3,5.3,5.4,5.4,5.4,5.4,5.4,5.4,5.4,5.2,5.2,5.2,5.2,5.2,5.2,5.2,5.1
317,NC Central,5.5,5.5,5.5,5.8,5.8,5.8,5.8,5.8,5.7,5.7,5.7,5.7,5.7,5.9,5.9,5.9,5.9,5.9,5.9,5.9,5.9,5.9,6.1,6.1,6.1,6.1,6.1,6.1,6.1,6.1,6.1,6.1,6.1,6.1,6.2,6.2,6.1,6.1,6.1,6.1,6.1,6.0,6.0,6.0,6.0,6.0,6.0,6.0,6.0,6.0,6.2,6.2,6.2,6.2,6.2,6.1,6.1,6.1,6.1
318,Memphis,5.5,5.5,5.5,5.6,5.6,5.6,5.8,5.8,5.8,5.7,5.7,5.7,5.7,5.7,5.7,5.7,5.7,5.7,5.7,5.7,5.5,5.5,5.5,5.5,5.5,5.5,5.5,5.4,5.4,5.4,5.4,5.5,5.5,5.5,5.6,5.6,5.6,5.4,5.4,5.4,5.4,5.4,5.4,5.4,5.4,5.5,5.5,5.5,5.6,5.6,5.6,5.6,5.6,5.7,5.7,5.7,5.9,5.9,5.9
319,Chicago St,5.5,5.5,5.5,5.5,5.5,5.5,5.4,5.4,5.4,5.4,5.4,5.4,5.4,5.3,5.3,5.3,5.3,5.3,5.2,5.2,5.3,5.3,5.3,5.3,5.3,5.3,5.3,5.3,5.3,5.3,5.3,5.3,5.4,5.4,5.3,5.3,5.3,5.3,5.3,5.2,5.2,5.1,5.1,5.1,5.1,5.1,5.0,5.0,5.0,5.0,5.0,5.0,5.0,5.3,5.3,5.3,5.3,5.3,5.3
320,Maryland ES,5.5,5.5,5.5,5.9,5.9,5.9,6.2,6.2,6.3,6.3,6.3,6.3,6.3,6.2,6.2,6.3,6.3,6.3,6.3,6.3,6.3,6.3,6.2,6.2,6.2,6.2,6.2,6.4,6.4,6.5,6.5,6.5,6.5,6.5,6.5,6.5,6.3,6.3,6.3,6.3,6.3,6.3,6.3,6.1,6.1,6.1,6.1,6.1,6.1,6.1,6.1,6.1,6.1,6.1,6.1,6.1,6.1,6.1,6.1
321,IL-Chicago,5.5,5.5,5.5,5.5,5.2,5.2,5.2,5.2,5.2,5.2,5.4,5.4,5.6,5.6,5.6,5.5,5.5,5.5,6.0,6.0,5.9,5.9,5.9,5.9,5.9,5.9,5.9,5.8,5.8,6.0,6.0,6.0,6.0,6.0,6.0,6.1,6.1,6.1,6.1,6.2,6.2,6.5,6.5,6.5,6.5,6.5,6.5,6.4,6.4,6.4,6.6,6.6,6.6,6.6,6.6,6.6,6.7,6.7,6.7
322,Albany,5.4,5.4,5.4,5.6,5.6,5.6,5.5,5.5,5.5,5.5,5.5,5.5,5.5,5.6,5.6,5.6,5.6,5.6,5.5,5.5,5.5,5.6,5.6,5.6,5.4,5.4,5.4,5.3,5.3,5.3,5.3,5.3,5.3,5.3,5.5,5.5,5.5,5.5,5.5,5.4,5.4,5.4,5.5,5.5,5.5,5.5,5.6,5.6,5.6,5.7,5.7,5.7,5.7,5.7,5.7,5.7,5.7,5.7,5.7
323,Syracuse,5.4,5.4,5.4,5.5,5.5,5.5,5.7,5.7,5.7,5.7,5.7,5.7,5.7,5.8,5.8,5.8,5.8,5.8,5.8,5.8,5.8,5.8,5.8,5.8,5.8,5.8,5.8,5.7,5.7,5.7,5.7,5.7,5.7,5.7,5.6,5.6,5.6,5.6,5.6,5.6,5.6,5.6,5.6,5.6,5.6,5.6,5.6,5.6,5.6,5.6,5.6,5.6,5.7,5.7,5.7,5.7,5.7,5.7,5.7
324,CS Fullerton,5.4,5.4,5.4,5.2,5.2,5.2,5.0,5.0,5.0,5.0,5.0,5.1,5.1,5.4,5.4,5.4,5.4,5.5,5.5,5.5,5.6,5.6,5.6,5.6,5.6,5.5,5.5,5.5,5.6,5.6,5.6,5.6,5.6,5.6,5.6,5.6,5.6,5.6,5.6,5.5,5.5,5.6,5.6,5.6,5.6,5.6,5.6,5.6,5.7,5.7,5.7,5.7,5.5,5.5,5.5,5.5,5.5,5.5,5.5
325,Kennesaw St,5.4,5.4,5.4,5.4,5.4,5.4,5.1,5.1,5.1,5.1,5.1,4.9,4.9,5.0,5.0,5.0,5.0,5.0,5.4,5.4,5.2,5.2,5.2,5.2,5.1,5.1,5.1,5.0,5.0,5.0,5.0,5.0,5.0,5.0,5.1,5.1,5.1,5.1,5.1,5.1,5.1,5.1,5.1,5.1,5.1,5.1,5.2,5.2,5.1,5.1,5.1,5.1,5.1,5.1,5.1,5.1,5.1,5.2,5.2
326,Delaware St,5.4,5.4,5.4,5.5,5.5,5.5,5.2,5.2,5.5,5.5,5.5,5.5,5.5,5.5,5.5,5.6,5.6,5.6,5.6,5.6,5.6,5.6,5.5,5.5,5.5,5.5,5.5,5.6,5.6,5.6,5.6,5.6,5.6,5.6,5.7,5.7,5.7,5.7,5.7,5.7,5.7,5.7,5.7,6.0,6.0,6.0,6.0,6.0,6.1,6.1,6.1,6.1,6.1,6.1,6.1,6.1,6.1,6.1,6.1
327,Montana,5.3,5.3,5.3,5.3,5.5,5.5,5.4,5.4,5.4,5.4,5.4,5.5,5.5,5.4,5.4,5.4,5.4,5.4,5.4,5.4,5.4,5.4,5.4,5.4,5.4,5.4,5.4,5.8,5.8,5.8,5.8,5.8,5.8,5.8,5.7,5.7,5.7,5.7,5.7,5.5,5.5,5.6,5.6,5.6,5.6,5.6,5.6,5.6,5.6,5.6,5.6,5.6,5.6,5.6,5.6,5.6,5.6,5.6,5.6
328,TX A&M-CC,5.3,5.3,5.3,4.9,4.9,4.9,4.9,4.9,4.9,4.9,4.8,4.8,4.8,4.7,4.7,4.7,4.5,4.5,4.5,4.5,4.5,4.5,4.5,4.5,5.0,5.0,5.0,5.0,5.0,5.0,5.0,5.1,5.1,5.1,5.0,5.0,5.0,5.0,5.2,5.2,5.2,5.2,5.2,5.2,5.2,5.2,5.2,5.2,5.4,5.4,5.4,5.4,5.4,5.1,5.1,5.1,5.1,5.1,5.1
329,Kentucky,5.3,5.3,5.3,5.3,5.3,5.3,5.4,5.4,5.4,5.3,5.3,5.3,5.3,5.2,5.2,5.2,4.9,4.9,4.9,4.9,4.9,4.9,4.9,4.9,4.9,4.9,4.9,5.0,5.0,5.0,5.0,5.0,5.0,5.0,4.9,4.9,4.9,4.8,4.8,4.8,4.8,4.9,4.9,4.9,4.9,4.8,4.8,4.8,4.8,4.8,4.8,4.9,4.9,4.9,4.9,5.1,5.1,5.1,5.1
330,Hampton,5.2,5.2,5.2,5.2,5.2,5.2,5.2,5.2,5.2,5.2,5.2,5.2,5.4,5.4,5.4,5.4,5.4,5.4,5.4,5.4,5.6,5.6,5.8,5.8,5.8,5.8,5.8,5.7,5.7,5.6,5.6,5.6,5.6,5.6,5.8,5.8,5.9,5.9,5.9,6.0,6.0,6.1,6.1,6.2,6.2,6.2,6.2,6.2,6.2,6.2,6.0,6.0,6.0,6.0,6.0,5.9,5.9,5.9,5.9
331,San Jose St,5.2,5.2,5.2,5.6,5.6,5.6,5.4,5.4,5.4,5.1,5.1,5.1,5.1,5.2,5.2,5.2,5.2,5.3,5.3,5.3,5.3,5.3,5.3,5.3,5.4,5.4,5.4,5.4,5.4,5.4,5.4,5.4,5.4,5.4,5.3,5.3,5.3,5.3,5.3,5.3,5.3,5.5,5.5,5.5,5.5,5.5,5.5,5.5,5.5,5.5,5.5,5.5,5.7,5.7,5.7,5.7,5.7,5.7,5.7
332,Saint Louis,5.2,5.2,5.2,5.4,5.4,5.4,5.3,5.3,5.3,5.0,5.0,5.0,5.0,5.4,5.4,5.4,5.4,5.3,5.3,5.3,5.4,5.4,5.4,5.2,5.2,5.2,5.2,5.4,5.4,5.4,5.4,5.5,5.5,5.5,5.5,5.5,5.5,5.5,5.4,5.4,5.4,5.3,5.3,5.3,5.3,5.3,5.3,5.3,5.3,5.3,5.3,5.3,5.3,5.3,5.3,5.3,5.3,5.3,5.3
333,NW State,5.2,5.2,5.2,5.5,5.5,5.5,5.5,5.5,5.5,5.5,5.5,5.5,5.5,5.2,5.2,5.2,5.2,5.0,5.0,5.0,4.6,4.6,4.6,4.6,4.6,4.6,4.6,4.6,4.6,4.6,4.6,4.3,4.3,4.3,4.1,4.1,4.1,4.1,4.1,4.1,4.1,4.0,4.0,4.0,4.0,4.1,4.1,4.1,4.1,4.1,4.1,4.1,4.2,4.2,4.2,4.2,4.2,4.2,4.2
334,Cal St Nrdge,5.2,5.2,5.2,5.2,5.2,5.2,5.0,5.0,5.0,5.0,5.5,5.5,5.5,5.5,5.5,5.5,5.5,5.6,5.6,5.6,5.6,5.6,5.6,5.6,5.6,5.6,5.6,5.7,5.7,5.7,5.7,5.7,5.6,5.6,5.4,5.4,5.4,5.4,5.4,5.4,5.4,5.5,5.5,5.5,5.5,5.5,5.5,5.5,5.6,5.6,5.6,5.6,5.6,5.6,5.6,5.7,5.7,5.7,5.7
335,High Point,5.1,5.1,5.1,5.5,5.5,5.5,5.9,5.9,5.9,5.5,5.5,5.5,5.5,5.5,5.5,5.5,5.5,5.5,5.7,5.7,5.7,5.9,5.9,5.9,5.8,5.8,5.8,5.7,5.7,5.7,5.7,5.7,5.8,5.8,5.8,5.8,5.8,5.8,5.9,5.9,5.9,5.8,5.8,5.8,5.8,5.8,5.7,5.7,5.7,5.6,5.6,5.6,5.6,5.7,5.7,5.6,5.6,5.6,5.6
336,Austin Peay,5.1,5.1,5.1,5.1,5.5,5.5,5.6,5.6,5.6,5.6,5.6,5.5,5.5,5.7,5.7,5.7,5.7,5.7,5.6,5.6,5.4,5.4,5.4,5.4,5.4,5.4,5.4,5.5,5.5,5.5,5.5,5.5,5.3,5.3,5.6,5.6,5.6,5.6,5.6,5.6,5.6,5.7,5.7,5.7,5.7,5.7,5.8,5.8,5.7,5.7,5.7,5.7,5.7,5.8,5.8,5.8,5.8,5.8,5.8
337,Sacred Hrt,5.1,5.1,5.1,5.1,5.1,5.1,5.2,5.2,5.2,5.2,5.2,5.2,5.2,5.3,5.3,5.3,5.3,5.3,5.2,5.2,5.2,5.2,5.2,5.2,5.2,5.2,5.1,5.1,5.1,5.1,5.1,5.1,5.1,5.1,5.2,5.2,5.2,5.2,5.2,5.3,5.3,5.4,5.4,5.4,5.4,5.4,5.5,5.5,5.5,5.5,5.5,5.5,5.5,5.7,5.7,5.7,5.7,5.7,5.7
338,Grambling St,4.9,4.5,4.5,4.4,4.4,4.4,4.7,4.7,4.6,4.6,4.6,4.6,4.6,4.7,4.7,4.7,4.7,4.7,4.7,4.7,4.7,4.7,4.7,4.7,4.7,4.7,4.7,4.8,4.8,4.7,4.7,4.7,4.7,4.7,4.7,4.7,4.8,4.8,4.8,4.8,4.8,4.8,4.8,4.8,4.8,4.8,4.8,4.8,4.8,4.8,4.8,4.8,4.8,4.8,4.8,4.9,4.9,4.9,4.9
339,Rutgers,4.9,4.9,4.9,4.7,4.7,4.7,4.7,4.7,4.7,4.7,4.7,4.7,4.7,4.7,4.8,4.8,4.8,4.9,4.9,4.9,4.9,4.8,4.8,4.8,4.6,4.6,4.6,4.6,4.6,4.6,4.6,4.6,4.6,4.6,4.7,4.7,4.6,4.6,4.6,4.6,4.6,4.5,4.5,4.5,4.6,4.6,4.6,4.6,4.5,4.5,4.5,4.4,4.4,4.4,4.4,4.4,4.4,4.4,4.4
340,GA Tech,4.8,4.8,4.8,4.6,4.6,4.6,4.7,4.7,4.7,4.7,4.8,4.8,4.8,4.6,4.6,4.6,4.6,4.6,4.7,4.7,4.7,4.7,4.7,4.7,4.7,4.7,4.7,4.7,4.7,4.7,4.7,4.7,4.7,4.7,4.7,4.7,4.7,4.7,4.7,4.8,4.8,4.8,4.9,4.9,4.9,4.8,4.8,4.8,4.7,4.7,4.7,4.7,4.7,4.7,4.7,4.9,4.9,4.9,4.9
341,Loyola-MD,4.8,4.8,5.1,5.1,5.1,5.3,5.3,5.3,5.3,5.3,5.3,5.2,5.2,5.2,5.2,5.2,5.2,5.3,5.3,5.3,5.4,5.4,5.4,5.4,5.3,5.3,5.3,5.3,5.3,5.3,5.3,5.2,5.2,5.2,5.1,5.1,5.1,5.1,5.0,5.0,5.0,5.0,5.1,5.1,5.1,5.1,5.1,5.1,5.1,5.0,5.0,5.0,5.1,5.1,5.1,5.0,5.0,5.0,5.0
342,Pepperdine,4.8,4.8,4.8,4.8,4.9,4.9,4.9,4.9,4.9,4.9,4.9,5.1,5.1,5.0,5.0,5.0,5.0,5.0,5.1,5.1,5.2,5.2,5.2,5.2,5.2,5.2,5.2,5.2,5.2,5.2,5.2,5.2,5.4,5.4,5.4,5.4,5.4,5.4,5.4,5.4,5.4,5.5,5.5,5.5,5.5,5.5,5.5,5.5,5.6,5.6,5.6,5.6,5.6,5.6,5.6,5.7,5.7,5.7,5.7
343,California,4.8,4.8,4.8,4.8,4.9,4.9,5.1,5.1,5.1,5.1,5.1,5.1,5.1,5.1,5.1,5.1,5.1,4.8,4.8,4.8,4.8,4.8,4.8,4.8,4.8,4.8,4.8,4.8,4.8,4.8,4.8,4.8,4.7,4.7,4.7,4.7,4.7,4.7,4.8,4.8,4.8,4.7,4.7,4.7,4.7,4.7,4.7,4.7,4.7,4.7,4.7,4.7,4.7,4.8,4.8,4.8,4.8,4.8,4.8
344,Central FL,4.7,4.7,4.7,4.8,4.8,4.8,4.8,4.8,4.8,4.8,4.8,4.8,4.8,4.8,4.8,4.8,4.8,4.8,4.8,4.8,4.9,4.9,4.9,4.9,4.9,5.0,5.0,5.0,5.0,5.0,5.0,5.0,5.0,5.0,5.0,5.0,5.0,4.8,4.8,4.8,4.8,4.8,4.9,4.9,4.9,5.0,5.0,5.0,5.1,5.1,5.1,5.1,5.3,5.3,5.3,5.3,5.2,5.2,5.2
345,Miss Val St,4.7,4.7,4.7,4.7,4.7,4.7,4.6,4.6,4.5,4.5,4.5,4.5,4.5,4.5,4.5,4.6,4.6,4.6,4.6,4.6,4.8,4.8,5.0,5.0,5.0,5.0,5.0,5.1,5.1,5.1,5.1,5.1,5.1,5.1,5.2,5.2,5.4,5.4,5.4,5.4,5.4,5.5,5.5,5.5,5.5,5.5,5.5,5.5,5.6,5.6,5.6,5.6,5.6,5.6,5.6,5.5,5.5,5.4,5.4
346,UC Riverside,4.7,4.7,4.7,5.1,5.1,5.1,5.1,5.1,5.1,5.1,5.1,5.2,5.2,5.2,5.2,5.2,5.2,5.3,5.3,5.3,5.3,5.3,5.3,5.3,5.1,5.1,5.1,5.4,5.4,5.4,5.4,5.5,5.5,5.5,5.5,5.5,5.5,5.5,5.8,5.8,5.8,5.6,5.6,5.6,5.6,5.7,5.7,5.7,5.9,5.9,5.9,5.9,5.8,5.8,5.8,5.9,5.9,5.9,5.9
347,Morgan St,4.6,4.6,4.6,4.6,4.6,4.6,4.7,4.7,4.5,4.5,4.5,4.5,4.5,4.4,4.4,4.4,4.4,4.4,4.4,4.4,4.3,4.3,4.4,4.4,4.4,4.4,4.4,4.4,4.4,4.4,4.4,4.4,4.4,4.4,4.5,4.5,4.7,4.7,4.7,4.7,4.7,4.7,4.7,4.6,4.6,4.6,4.6,4.6,4.6,4.6,4.8,4.8,4.8,4.8,4.8,4.7,4.7,4.7,4.7
348,E Carolina,4.6,4.6,4.6,4.6,4.6,4.6,4.7,4.7,4.7,4.7,4.7,4.6,4.6,4.6,4.7,4.7,4.7,5.1,5.1,5.1,5.0,5.0,5.0,5.0,5.0,5.0,5.0,5.0,5.2,5.2,5.2,5.1,5.1,5.1,5.4,5.4,5.4,5.4,5.5,5.5,5.5,5.5,5.5,5.5,5.5,5.7,5.7,5.7,5.7,6.0,6.0,6.0,6.0,6.0,6.0,6.0,6.0,6.0,6.0
349,Pacific,4.2,4.2,4.2,4.2,4.2,4.2,4.1,4.1,4.1,4.1,4.1,4.1,4.1,4.2,4.2,4.2,4.2,4.2,4.3,4.3,4.3,4.3,4.3,4.3,4.3,4.3,4.3,4.4,4.4,4.4,4.4,4.4,4.3,4.3,4.4,4.4,4.4,4.4,4.4,4.4,4.4,4.5,4.5,4.5,4.5,4.5,4.6,4.6,4.5,4.5,4.5,4.5,4.5,4.6,4.6,4.6,4.6,4.6,4.6
350,New Orleans,3.7,3.7,3.7,3.8,3.8,3.8,4.2,4.2,4.2,4.2,4.3,4.3,4.3,4.4,4.4,4.4,4.4,4.3,4.3,4.3,4.5,4.5,4.5,4.5,4.8,4.8,4.8,4.7,4.7,4.7,4.7,4.6,4.6,4.6,4.7,4.7,4.7,4.7,4.7,4.7,4.7,4.8,4.8,4.8,4.8,4.8,4.8,4.8,4.8,4.8,4.8,4.8,4.7,4.7,4.7,4.8,4.8,4.8,4.8
